Categoría,Medicamento,Para qué sirve,Dosis terapéutica,Dosis máxima,Precauciones,Efectos secundarios,Dieta especial
Antihistamínicos,Clorfenamina,"Trata síntomas de alergia: estornudos, secreción nasal, picor, ojos rojos.","4 mg cada 4-6 horas (oral)","24 mg/día (6 comprimidos de 4 mg)","Alergia a componentes, otros medicamentos, asma, glaucoma, diabetes, problemas cardíacos, presión alta, dificultad para orinar, úlceras, convulsiones, tiroides, embarazo/lactancia. Causa somnolencia.","Somnolencia, boca/garganta seca, náuseas, vómitos, estreñimiento, pérdida apetito, dolor cabeza, aumento congestión pecho. Graves: problemas vista, dificultad orinar.","Generalmente no es necesario cambiar la dieta."
Antihistamínicos,Levocetirizina,"Trata síntomas de alergia y urticaria: estornudos, secreción nasal, picor, ojos rojos.","5 mg 1 vez al día","5 mg/día","Alergia a componentes, otros medicamentos, problemas renales, embarazo/lactancia. Causa somnolencia. Puede causar picazón intensa al suspender uso prolongado.","Somnolencia, cansancio. Graves: urticaria, erupción, picor, hinchazón extremidades, picor días después de suspender uso prolongado.","Generalmente no es necesario cambiar la dieta."
Antihistamínicos,Loratadina,"Trata síntomas de alergia: estornudos, secreción nasal, picor, ojos rojos. También picor/enrojecimiento por urticaria.","10 mg 1 vez al día","10 mg/día","Alergia a componentes, otros medicamentos, problemas renales o hepáticos, embarazo/lactancia.","Dolor cabeza, somnolencia, cansancio. Graves: erupción, urticaria, picor, dificultad respirar/tragar, hinchazón cara.","Generalmente no es necesario cambiar la dieta."
Antihistamínicos,Desloratadina,"Trata síntomas de alergia y urticaria: estornudos, secreción nasal, picor, ojos rojos. Reduce picor y ronchas.","5 mg 1 vez al día","5 mg/día","Alergia a componentes, otros medicamentos, problemas renales o hepáticos, embarazo/lactancia.","Dolor cabeza, náuseas, diarrea, mareos, dolor garganta, boca seca, dolor muscular, cansancio, somnolencia. Graves: erupción, picor, urticaria, dificultad respirar/tragar, hinchazón.","Generalmente no es necesario cambiar la dieta."
Antihistamínicos,Cetirizina,"Trata síntomas de alergia y picor/enrojecimiento por urticaria: estornudos, secreción nasal, picor, ojos rojos.","10 mg 1 vez al día","10 mg/día","Alergia a componentes, otros medicamentos, problemas renales o hepáticos, embarazo/lactancia. Causa somnolencia. Puede causar picazón intensa al suspender.","Somnolencia, cansancio excesivo, boca seca. Graves: erupción, dificultad respirar/tragar.","Generalmente no es necesario cambiar la dieta."
Antihistamínicos,Fexofenadina,"Trata síntomas de alergia y picor/enrojecimiento por urticaria: secreción nasal, estornudos, ojos rojos, picor.","60 mg cada 12h o 120 mg 1 vez/día","180 mg/día","Alergia a componentes, otros medicamentos, urticaria inusual, enfermedad renal, embarazo/lactancia.","Dolor cabeza, somnolencia, cansancio, indigestión, náuseas. Graves: urticaria, erupción, picor, dificultad respirar/tragar, hinchazón, urticaria >6 semanas.","Generalmente no es necesario cambiar la dieta."
Antihistamínicos,Hidroxicina,"Alivia picor por alergias en piel, ansiedad, tensión, sedante antes/después de cirugía.","Alergias: 25 mg cada 6-8h; Ansiedad: 50-100 mg/día; Sedante: 25-50 mg a la noche","100 mg/día","Alergia a componentes, otros medicamentos, embarazo/lactancia. Causa somnolencia. No amamantar.","Boca seca, confusión, mareos, dolor cabeza. Graves: temblor involuntario, convulsiones, llagas con pus, hinchazón en pierna con fiebre.","Generalmente no es necesario cambiar la dieta."
Cardiovasculares (Antihipertensivos),Losartán,"Presión arterial alta, riesgo de ACV en hipertensos con hipertrofia VI, enfermedad renal en diabetes tipo 2.","50 mg 1 vez/día","100 mg/día","Alergia a componentes, interacción con AINEs/aspirina/potasio, insuficiencia cardíaca, enf. renal/hepática, lactancia. Puede causar mareos.","Dolor piernas/rodillas/espalda, calambres/debilidad, diarrea, acidez, disminución sensibilidad. Graves: inflamación, ronquera, dificultad respiración, dolor pecho.","No use sustitutos de sal con potasio. Dieta baja en sal si indicada."
Cardiovasculares (Antihipertensivos),Valsartán,"Presión arterial alta (≥1 año), insuficiencia cardíaca, mejora supervivencia tras infarto.","80-160 mg 1 vez/día","320 mg/día","Alergia a componentes, interacción con AINEs/aspirina/potasio, obstrucción biliar, enf. cardíaca/renal/hepática, lactancia. Puede causar mareos.","Dolor cabeza, cansancio, náuseas, diarrea, dolor estómago/espalda/articulaciones, visión borrosa, tos, sarpullido. Graves: inflamación, ronquera, dificultad respiración, aumento peso.","No use sustitutos de sal con potasio. Dieta baja en sal si indicada."
Cardiovasculares (Antihipertensivos),Candesartán,"Presión arterial alta, insuficiencia cardíaca congestiva.","8-16 mg 1 vez/día","32 mg/día","Alergia a componentes, interacción con AINEs/potasio, enf. cardíaca/renal/hepática, lactancia. Puede causar mareos.","Dolor cabeza/espalda/garganta. Graves: inflamación, ronquera, dificultad respiración.","No use sustitutos de sal con potasio. Dieta baja en sal si indicada."
Cardiovasculares (Antihipertensivos),Telmisartán,"Presión arterial alta. Riesgo cardiovascular en mayores de 55 años.","40 mg 1 vez/día","80 mg/día","Alergia a componentes, interacción con AINEs/potasio, insuficiencia cardíaca, obstrucción biliar, diabetes, enf. renal/hepática, lactancia. Causa somnolencia.","Dolor espalda, dolor/congestión sinusal, diarrea. Graves: inflamación, ronquera, dificultad respiración, dolor/calambres piernas al caminar, ampollas.","No use sustitutos de sal con potasio. Dieta baja en sal si indicada."
Cardiovasculares (Antihipertensivos),Irbesartán,"Presión arterial alta, enfermedad renal por diabetes tipo 2 con HTA.","150 mg 1 vez/día","300 mg/día","Alergia a componentes, interacción con AINEs/aspirina/potasio, insuficiencia cardíaca, enf. renal, lactancia. Puede causar mareos.","Diarrea, acidez, cansancio excesivo. Graves: inflamación, ronquera, dificultad respiración.","No use sustitutos de sal con potasio. Dieta baja en sal si indicada."
Cardiovasculares (Antihipertensivos),Olmesartán,"Presión arterial alta (>6 años).","20 mg 1 vez/día","40 mg/día","Alergia a componentes, interacción con AINEs/potasio, insuficiencia cardíaca, enf. renal/hepática, lactancia. Puede causar mareos.","No especifica leves. Graves: inflamación, diarrea grave, pérdida peso, dificultad respiración, ronquera.","No use sustitutos de sal con potasio. Dieta baja en sal si indicada."
Cardiovasculares (Antihipertensivos),Enalapril,"Presión arterial alta, insuficiencia cardíaca.","5 mg 1 vez/día","40 mg/día","Alergia a componentes, interacción con AINEs/aspirina, enf. cardíaca/renal, lupus, diabetes, lactancia.","Tos, mareos, sarpullido, debilidad. Graves: inflamación, dificultad respiración, ronquera, coloración amarillenta, fiebre.","Consulte antes de usar sustitutos de sal con potasio. Dieta baja en sal."
Cardiovasculares (Antihipertensivos),Captopril,"Hipertensión, insuficiencia cardíaca, supervivencia post-infarto, nefropatía diabética tipo 1.","25 mg 2-3 veces/día","450 mg/día","Alergia a componentes, interacción con AINEs/aspirina/potasio, enf. cardíaca/renal, lactancia.","Mareos, sabor metálico, tos, ritmo acelerado, cansancio. Graves: dolor pecho, hinchazón, urticaria, ronquera, dificultad respiración.","Consulte antes de usar sustitutos de sal con potasio. Dieta baja en sal."
Cardiovasculares (Antihipertensivos),Lisinopril,"Presión arterial alta (≥6 años), insuficiencia cardíaca, mejora supervivencia post-infarto.","10 mg 1 vez/día","40 mg/día","Alergia a componentes, interacción con AINEs/aspirina/potasio, angioedema, enf. cardíaca/renal, diabetes, lactancia.","Tos, mareos, dolor cabeza, cansancio, náuseas, diarrea, disfunción sexual. Graves: dolor pecho, inflamación, ronquera, dificultad respiración.","Consulte antes de usar sustitutos de sal con potasio. Dieta baja en sal."
Cardiovasculares (Antihipertensivos),Ramipril,"Hipertensión, reduce riesgo infarto/ictus/muerte, mejora supervivencia post-infarto con IC.","2.5-10 mg 1 vez/día","10 mg/día","Alergia a componentes, interacción con AINEs/aspirina/potasio, angioedema, enf. cardíaca/hepática/renal, lupus, diabetes.","Dolor cabeza, mareos, tos, molestias estomacales, cansancio. Graves: inflamación, erupción, ronquera, dificultad respiración, fiebre.","Consulte antes de usar sustitutos de sal con potasio. Dieta baja en sal."
Cardiovasculares (Antihipertensivos),Perindopril,"Presión arterial alta.","4 mg 1 vez/día","8 mg/día","Alergia a componentes, interacción con AINEs/potasio, diálisis, IC, lupus, diabetes, angioedema, enf. renal/hepática.","Tos, dolor cabeza, debilidad, mareos. Graves: inflamación, ronquera, dificultad respiración, fiebre, ritmo irregular.","Consulte antes de usar sustitutos de sal con potasio. Dieta baja en sal."
Cardiovasculares (Antihipertensivos),Amlodipino,"Presión arterial alta, ciertos tipos de angina, enfermedad arterial coronaria.","5 mg 1 vez/día","10 mg/día","Alergia a componentes, interacción con otros, insuficiencia cardíaca, enf. renal/hepática, embarazo/lactancia.","Hinchazón manos/pies/tobillos, náuseas, dolor estómago, mareos, somnolencia, enrojecimiento. Graves: dolor pecho, ritmo irregular, desvanecimiento.","Dieta baja en sal si indicada."
Cardiovasculares (Antihipertensivos),Nifedipino,"Presión arterial alta, angina.","30-60 mg 1 vez/día","120 mg/día","Alergia a componentes, embarazo/lactancia. Alcohol empeora efectos.","Dolor cabeza, náuseas, mareos, enrojecimiento, acidez, ritmo acelerado, calambres, tos. Graves: hinchazón, dificultad respiración, desmayos.","No comer toronja ni beber su jugo. Dieta baja en sal si indicada."
Cardiovasculares (Antihipertensivos),Verapamilo,"Presión arterial alta, angina.","80-120 mg cada 8h","480 mg/día","Alergia a componentes, interacción con otros, obstrucción digestiva, IC, enf. cardíaca/hepática/renal, embarazo/lactancia. Alcohol potencia efectos.","Estreñimiento, acidez, mareos, dolor cabeza. Graves: hinchazón, dificultad respiración, ritmo lento, desmayos, visión borrosa, coloración amarillenta.","Generalmente no es necesario cambiar la dieta."
Cardiovasculares (Antihipertensivos),Diltiazem,"Presión arterial alta, angina.","120-180 mg 1 vez/día","360 mg/día","Alergia a componentes, interacción con otros, infarto, obstrucción digestiva, presión baja, enf. cardíaca/hepática/renal, embarazo/lactancia.","Mareos, enrojecimiento, dolor cabeza, debilidad, ritmo lento, vómitos, diarrea, tos. Graves: hinchazón, dificultad respiración, desmayos, coloración amarillenta.","Dieta baja en sal si indicada."
Cardiovasculares (Antihipertensivos),Hidroclorotiazida,"Presión arterial alta, edema (retención líquidos).","12.5-25 mg 1 vez/día","50 mg/día","Alergia a componentes, interacción con AINEs, enf. renal, diabetes, asma, gota, colesterol alto, embarazo/lactancia. Puede causar mareos.","Diarrea, pérdida apetito, dolor cabeza, pérdida cabello. Graves: signos deshidratación, ampollas, urticaria, dificultad respiración.","Dieta baja en sal o rica en potasio si indicada."
Cardiovasculares (Antihipertensivos),Clortalidona,"Presión arterial alta, retención líquidos.","12.5-25 mg 1 vez/día","100 mg/día","Alergia a componentes, interacción con otros, dificultad orinar, diabetes, gota, enf. renal/hepática, embarazo/lactancia. Alcohol empeora efectos.","Mareos, náuseas, vómitos, diarrea, pérdida apetito, dolor cabeza. Graves: sed, cansancio, debilidad, ritmo acelerado, erupción.","Dieta baja en sal, suplementos/ alimentos ricos en potasio."
Cardiovasculares (Antihipertensivos),Furosemida,"Presión arterial alta, edema.","20-80 mg 1 vez/día","600 mg/día (hospitalario)","Alergia a componentes, interacción con AINEs/aspirina, enf. renal, diabetes, gota, enf. hepática, embarazo/lactancia. Puede causar mareos.","Visión borrosa, dolor cabeza, estreñimiento, diarrea. Graves: signos deshidratación, fiebre, pérdida audición, ampollas.","Dieta baja en sal o rica en potasio si indicada."
Cardiovasculares (Antihipertensivos),Espironolactona,"Insuficiencia cardíaca, potasio bajo, edema, presión arterial alta.","25-100 mg 1 vez/día","400 mg/día","Alergia a componentes, interacción con AINEs/aspirina/potasio, potasio alto, enf. renal/hepática, embarazo/lactancia.","Vómitos, diarrea, dolor estómago, senos dolorosos, disfunción eréctil. Graves: debilidad muscular, cambios ritmo, confusión, coloración amarillenta.","Evite sustitutos de sal con potasio. Dieta baja en sal si indicada."
Cardiovasculares (Antihipertensivos),Indapamida,"Presión arterial alta, retención líquidos por insuficiencia cardíaca.","1.25-2.5 mg 1 vez/día","5 mg/día","Alergia a componentes, problemas ritmo, diabetes, gota, enf. riñón/hígado, embarazo/lactancia. Causa somnolencia. El alcohol aumenta somnolencia.","Dolor cabeza, somnolencia, mareos, cansancio, confusión, calambres. Graves: pérdida peso rápida, erupción grave, palpitaciones.","Dieta baja en sal, suplementos/ alimentos ricos en potasio."
Cardiovasculares (Antihipertensivos),Atenolol,"Presión arterial alta, angina, mejora supervivencia tras infarto.","25-50 mg 1 vez/día","100 mg/día","Alergia a componentes, interacción con otros, ritmo lento, IC, asma, diabetes, hipertiroidismo, embarazo/lactancia. Puede causar mareos.","Mareos, aturdimiento, cansancio, depresión, náuseas, diarrea, ojos secos. Graves: falta aire, hinchazón, aumento peso, desvanecimiento.","Generalmente no es necesario cambiar la dieta."
Cardiovasculares (Antihipertensivos),Metoprolol,"Presión arterial alta, angina, mejora supervivencia tras infarto.","50 mg cada 12h","400 mg/día","Alergia a componentes, interacción con otros, ritmo lento, IC, asma, problemas circulación, diabetes, hipertiroidismo, embarazo/lactancia. No alcohol.","Mareos, aturdimiento, cansancio, diarrea, boca seca, sarpullido. Graves: falta aire, hinchazón, aumento peso, desvanecimiento, ritmo irregular.","Generalmente no es necesario cambiar la dieta."
Cardiovasculares (Antihipertensivos),Carvedilol,"Insuficiencia cardíaca, presión arterial alta, mejora supervivencia tras infarto.","6.25 mg cada 12h","50 mg/día","Alergia a componentes, interacción con Hierba de San Juan, asma, ritmo lento, IC, enf. hepática, diabetes, embarazo/lactancia. Causa cansancio/mareos.","Diarrea. Graves: desvanecimiento, falta aire, aumento peso, dolor pecho, ritmo lento/irregular, urticaria.","Generalmente no es necesario cambiar la dieta."
Cardiovasculares (Antihipertensivos),Propranolol,"Presión arterial alta, arritmias, temblores, angina, migrañas, mejora supervivencia.","40 mg cada 12h","320 mg/día","Alergia a componentes, interacción con antiácidos, cimetidina, AINEs, ritmo lento, IC, asma, diabetes, embarazo/lactancia. Fumar reduce eficacia.","Mareos, cansancio, diarrea, estreñimiento. Graves: sarpullido, urticaria, ampollas, dificultad respirar, hinchazón, desmayo.","Generalmente no es necesario cambiar la dieta."
Cardiovasculares (Antihipertensivos),Bisoprolol,"Hipertensión arterial.","5 mg 1 vez/día","20 mg/día","Alergia a componentes, interacción con otros, ritmo lento, IC, asma, enf. cardíaca/hepática/renal, diabetes, hipertiroidismo, embarazo/lactancia.","Dolor cabeza, mareos, cansancio, debilidad, náuseas, diarrea, dolor muscular, boca seca. Graves: falta aire, hinchazón, aumento peso, desvanecimiento.","Generalmente no es necesario cambiar la dieta."
Cardiovasculares (Antihipertensivos),Nebivolol,"Hipertensión arterial.","5 mg 1 vez/día","40 mg/día","Alergia a componentes, interacción con otros, ritmo lento, enf. hepática, IC, asma, diabetes, hipertiroidismo, problemas circulación, embarazo/lactancia.","Dolor cabeza, mareos, cansancio, náuseas, diarrea, insomnio, entumecimiento. Graves: falta aire, ritmo lento, hinchazón, aumento peso, dolor pecho.","Generalmente no es necesario cambiar la dieta."
Cardiovasculares (Antihipertensivos),Hidralazina,"Presión arterial alta.","10-25 mg 3-4 veces/día","300 mg/día","Alergia a componentes, interacción con otros, antecedentes infarto, enf. coronaria, enf. cardíaca/renal/hepática, embarazo/lactancia. Alcohol empeora efectos.","Enrojecimiento, dolor cabeza, náuseas, vómitos, diarrea, congestión. Graves: desmayos, dolor articular, fiebre, ritmo acelerado, hinchazón.","Tomar con comidas. Dieta baja en sal si indicada."
Cardiovasculares (Antihipertensivos),Minoxidil,"Hipertensión arterial (con otros medicamentos).","5 mg 1 vez/día","100 mg/día","Alergia a componentes, interacción con otros, antecedentes infarto, enf. cardíaca/renal, embarazo/lactancia. Causa somnolencia. Alcohol empeora efectos.","Aumento vello corporal, sensibilidad senos, dolor cabeza, náuseas. Graves: sarpullido, ritmo acelerado, hinchazón, aumento peso inexplicable.","Dieta baja en sal si indicada."
Cardiovasculares (Antihipertensivos),Metildopa,"Presión arterial alta.","250 mg 2-3 veces/día","3 g/día","Alergia a componentes, interacción con hierro, enf. riñón/hígado (hepatitis/cirrosis), embarazo/lactancia. Causa somnolencia.","Dolor cabeza, debilidad muscular, hinchazón, molestias estomacales, vómitos, gases, boca seca. Graves: fiebre inexplicable, cansancio extremo, coloración amarillenta.","Dieta baja en sal si indicada."
Cardiovasculares (Hipolipemiantes),Atorvastatina,"Reduce riesgo infarto y ACV. Reduce colesterol.","10-20 mg 1 vez/día","80 mg/día","Alergia a componentes, interacción con cimetidina, niacina, enf. hepática, embarazo/lactancia. Alcohol aumenta riesgo.","Diarrea, acidez, gases, dolor articulaciones, olvidos. Graves: dolor muscular, fatiga, fiebre, orina oscura, coloración amarillenta, hinchazón.","Dieta baja en grasa/colesterol. Seguir ejercicio/dieta."
Cardiovasculares (Hipolipemiantes),Rosuvastatina,"Reduce riesgo infarto y ACV. Reduce colesterol.","5-10 mg 1 vez/día","40 mg/día","Alergia a componentes, interacción con otros, enf. hepática, embarazo/lactancia. Alcohol aumenta riesgo.","Estreñimiento, dolor estómago, mareos, insomnio, depresión, dolor articular, dolor cabeza. Graves: dolor muscular, fatiga, orina oscura, coloración amarillenta.","Dieta baja en grasa/colesterol. Seguir ejercicio/dieta."
Cardiovasculares (Hipolipemiantes),Simvastatina,"Reduce riesgo infarto y ACV. Reduce colesterol.","10-20 mg en la noche","40 mg/día","Alergia a componentes, interacción con niacina, enf. hepática, embarazo/lactancia. Alcohol aumenta riesgo.","Estreñimiento, dolor estómago, náuseas, dolor cabeza, olvidos, picor. Graves: dolor muscular, fatiga, orina oscura, coloración amarillenta, erupción.","Dieta baja en grasa/colesterol. Seguir ejercicio/dieta."
Cardiovasculares (Hipolipemiantes),Lovastatina,"Reduce riesgo infarto e ictus, cirugía cardíaca. Reduce colesterol.","20 mg con comida/noche","80 mg/día","Alergia a componentes, enf. hepática, embarazo/lactancia. Alcohol aumenta riesgo.","Estreñimiento, dolor cabeza, olvidos. Graves: dolor muscular, fatiga, orina oscura, coloración amarillenta, dolor estómago, erupción.","Dieta baja en grasa/colesterol. Seguir ejercicio/dieta."
Cardiovasculares (Hipolipemiantes),Ezetimiba,"Reduce colesterol en hipercolesterolemia y grasas en sangre.","10 mg 1 vez/día","10 mg/día","Alergia a componentes, interacción con otros, enf. hepática, embarazo/lactancia.","Diarrea, dolor garganta, secreción nasal, estornudos, dolor articular. Graves: erupción, hinchazón, ritmo acelerado, cansancio extremo, coloración amarillenta.","Dieta baja en grasa/colesterol. Seguir ejercicio/dieta."
Cardiovasculares (Hipolipemiantes),Fenofibrato,"Reduce colesterol, triglicéridos; aumenta HDL.","48-145 mg 1 vez/día","145 mg/día","Alergia a componentes, interacción con otros, enf. hepática/renal/vesícula, embarazo/lactancia.","Estreñimiento, diarrea, acidez, dolor espalda/brazos, dolor cabeza. Graves: dolor muscular, fiebre, ampollas, dificultad respirar, hinchazón.","Dieta baja en grasa/colesterol. Seguir ejercicio/dieta."
Cardiovasculares (Hipolipemiantes),Gemfibrozilo,"Reduce colesterol y triglicéridos.","600 mg cada 12h","1200 mg/día","Alergia a componentes, enf. riñón/hígado/vesícula, embarazo/lactancia.","Dolor estómago, acidez. Graves: dolor muscular, visión borrosa.","Dieta baja en grasa/colesterol. Seguir ejercicio/dieta."
Cardiovasculares (Antiplaquetarios),Aspirina (AAS),"Reduce fiebre, dolor leve/moderado, inflamación. Previene infartos, ACV.","Dolor: 325-650 mg cada 4-6h; Antiagregante: 75-100 mg/día","4 g/día","Alergia a componentes, interacción con otros, asma, úlceras, problemas hemorragia, enf. renal/hepática, embarazo/lactancia.","Náuseas, vómitos, dolor estómago, acidez. Graves: urticaria, hinchazón, dificultad respirar, ronquera, zumbidos, sangrado.","Generalmente no es necesario cambiar la dieta."
Cardiovasculares (Antiplaquetarios),Clopidogrel,"Previene infartos y ACV en personas con antecedentes.","75 mg/día","75 mg/día","Alergia a componentes, interacción con omeprazol, esomeprazol, AINEs/aspirina, enf. hepática/renal, embarazo/lactancia. Riesgo de sangrado.","Cansancio, dolor cabeza, mareos, náuseas, diarrea, sangrado nasal. Graves: urticaria, dificultad respirar, sangrado moretones, confusión.","Generalmente no es necesario cambiar la dieta."
Cardiovasculares (Antiplaquetarios),Ticagrelor,"Reduce riesgo infarto o ictus y coágulos en pacientes de alto riesgo.","90 mg cada 12h; luego 60 mg cada 12h","180 mg/día","Alergia a componentes, interacción con Hierba San Juan, AINEs/aspirina, arritmia, EPOC, asma, enf. hepática, embarazo/lactancia.","Mareos, náuseas, diarrea. Graves: dificultad respirar, dolor pecho, latidos irregulares, hinchazón.","Generalmente no es necesario cambiar la dieta."
Cardiovasculares (Anticoagulantes),Warfarina,"Previene y trata coágulos sanguíneos. Previene complicaciones en arritmias.","2-5 mg/día (inicio)",,"Alergia a componentes, interacción con múltiples fármacos, diabetes, infección, diarrea, embarazo/lactancia. Alcohol y tabaco afectan.","Gases, hinchazón, dolor abdominal, cambios sabor, caída cabello. Graves: sangrado, moretones, dificultad respirar, coloración amarillenta.","Dieta saludable. Alimentos con Vitamina K afectan. Consulte a médico."
Cardiovasculares (Anticoagulantes),Enoxaparina (inyección),"Previene y trata trombosis venosa profunda. Previene complicaciones de angina e infarto.","1 mg/kg cada 12h",,"Alergia a componentes, interacción con AINEs/aspirina, enf. renal, infección cardíaca, úlceras, embarazo/lactancia.","Molestias estomacales, fiebre, irritación lugar inyección. Graves: sangrado, deposiciones negras, sangre orina, hinchazón.","No especifica."
Cardiovasculares (Anticoagulantes),Apixaban,"Previene ACV o trombos en fibrilación auricular, trombosis venosa.","5 mg cada 12h","10 mg/día","Alergia a componentes, interacción con Hierba San Juan, AINEs/aspirina, problemas hemorragia, enf. renal/hepática.","Graves: sangrado encías/nasal, orina rosa/café, heces negras, tos con sangre, hinchazón, mareo.","Generalmente no es necesario cambiar la dieta."
Cardiovasculares (Anticoagulantes),Rivaroxaban,"Previene y trata trombosis venosa profunda y embolia pulmonar.","20 mg 1 vez/día con comida","20 mg/día","Alergia a componentes, interacción con Hierba San Juan, problemas hemorragia/úlcera, enf. renal/hepática, embarazo/lactancia.","Espasmos musculares, náuseas, dolor estómago, tos. Graves: heces con sangre, orina rosada, sangrado, mareos, sarpullido.","Generalmente no es necesario cambiar la dieta."
Cardiovasculares (Anticoagulantes),Dabigatrán,"Previene o trata trombosis venosa profunda y embolia pulmonar.","150 mg cada 12h","300 mg/día","Alergia a componentes, interacción con otros, problema hemorrágico, úlcera, enf. renal, embarazo/lactancia.","Dolor/molestias estomacales, acidez, náuseas. Graves: sangrado, orina rosa, heces negras, tos con sangre, debilidad.","Generalmente no es necesario cambiar la dieta."
Cardiovasculares (Otros),Digoxina,"Insuficiencia cardíaca, arritmias.","0.125-0.25 mg 1 vez/día","0.5 mg/día","Alergia a componentes, interacción con antiácidos, omeprazol, hierba San Juan, calcio, problemas tiroides, enf. renal, embarazo/lactancia. Causa somnolencia.","Mareos, somnolencia, cambios visión, sarpullido, ritmo irregular. Graves: vómitos, diarrea, pérdida apetito, hinchazón.","Dieta baja en sodio y suplemento potasio si indicado."
Cardiovasculares (Otros),Valsartán/Sacubitril,"Disminuye riesgo muerte/hospitalización en ciertos tipos insuficiencia cardíaca.",,,Alergia a componentes, interacción con AINEs/aspirina, diabetes, enf. renal/hepática, lactancia. Puede causar mareos.,"Tos, cansancio extremo. Graves: sarpullido, picazón, inflamación, falta aliento.","No use sustitutos de sal con potasio. Dieta baja en sal si indicada."
Cardiovasculares (Otros),Eplerenona,"Hipertensión arterial. Mejora recuperación tras infarto.","25-50 mg 1 vez/día","50 mg/día","Alergia a componentes, interacción con Hierba San Juan, AINEs/aspirina, potasio alto, diabetes, gota, enf. renal/hepática, embarazo/lactancia.","Dolor cabeza, mareos, diarrea, tos, cansancio, síntomas gripales, aumento senos. Graves: dolor pecho, hormigueo, debilidad, confusión.","No use sustitutos de sal con potasio. Dieta baja en sal si indicada."
Cardiovasculares (Otros),Amiodarona,"Arritmias ventriculares y taquicardia inestable.","800-1600 mg/día","1600 mg/día","Alergia a componentes, problemas tiroides/presión, embarazo/lactancia. Reduce fertilidad.","Estreñimiento, pérdida apetito, dolor cabeza, disminución deseo, insomnio, cambios gusto/saliva. Graves: erupción, hinchazón, neuropatía, fatiga.","Generalmente no es necesario cambiar la dieta."
Cardiovasculares (Otros),Flecainida,"Previene latidos cardíacos irregulares mortales.","50 mg cada 12h","300 mg/día","Alergia a componentes, interacción con cimetidina, infarto, IC, enfermedad cardíaca, potasio bajo/alto, enf. renal/hepática, embarazo/lactancia.","Mareos, cambios visión, dolor cabeza, debilidad, temblor, estreñimiento. Graves: ritmo irregular, dolor pecho, falta aliento, hinchazón.","Generalmente no es necesario cambiar la dieta."
Cardiovasculares (Otros),Propafenona,"Arritmias, mantiene frecuencia cardíaca normal.","150 mg cada 8h","900 mg/día","Alergia a componentes, interacción con cimetidina, diarrea, sudoración, vómitos, pérdida apetito, ritmo lento, presión baja, electrolitos alterados, IC, asma, embarazo/lactancia. Causa somnolencia/mareos.","Mareos, boca seca, dolor cabeza, náuseas, vómitos, diarrea, estreñimiento, pérdida apetito, sabor inusual, gases, cansancio, ansiedad, visión borrosa, temblor, insomnio, falta coordinación. Graves: falta aliento, dolor pecho, latidos irregulares, hinchazón, desvanecimiento.","Hable con su médico sobre alimentos/sustitutos sal con potasio."
Cardiovasculares (Otros),Lidocaína (inyección),"Arritmias (ritmo cardíaco irregular).",,,"Alergia a componentes, problemas graves ritmo cardíaco, enf. cardíaca/renal/hepática, embarazo/lactancia.","Mareos, somnolencia, vértigo, zumbido oídos, visión borrosa/doble, náuseas, vómito, entumecimiento, temblores. Graves: erupción, urticaria, dificultad respirar, piel pálida/azulada, convulsiones.","Generalmente no es necesario cambiar la dieta."
Cardiovasculares (Otros),Bupivacaína,"Controla dolor durante cirugía o procedimientos médicos.",,,"Alergia a componentes, embarazo/lactancia. Puede haber pérdida temporal sensibilidad/movimiento.","Dolor/enrojecimiento lugar inyección. Graves: reacciones alérgicas, problemas neurológicos, cardiorrespiratorios.","Generalmente no es necesario cambiar la dieta."
Antibióticos,Amoxicilina,"Infecciones: neumonía, bronquitis, oídos, nariz, garganta, vías urinarias, piel. Elimina H. pylori.","500 mg cada 8h o 875 mg cada 12h","3 g/día","Alergia a componentes, disminuye eficacia anticonceptivos, embarazo/lactancia.","Náuseas, vómitos, diarrea, decoloración temporal dientes. Graves: reacciones alérgicas, diarrea asociada a Clostridium difficile.","Generalmente no es necesario cambiar la dieta."
Antibióticos,Amoxicilina/ácido clavulánico,"Infecciones: oídos, pulmones, senos, piel, vías urinarias.","875/125 mg cada 12h","2 g/125 mg cada 12h","Alergia a componentes, disminuye eficacia anticonceptivos, embarazo/lactancia.","Diarrea, molestias estomacales, vómitos, candidiasis vaginal. Graves: hepatitis colestática, reacciones alérgicas graves, diarrea asociada a C. difficile.","Generalmente no es necesario cambiar la dieta."
Antibióticos,Cefuroxima,"Infecciones: bronquitis, gonorrea, piel, oídos, senos, garganta, amígdalas, tracto urinario.","250-500 mg cada 12h","1 g/día","Alergia a componentes, interacción con antiácidos/antagonistas H2/IBP, antecedentes de colitis, enf. renal/hepática, embarazo/lactancia.","Náuseas, vómitos, diarrea. Graves: reacciones alérgicas, colitis seudomembranosa.","Generalmente no es necesario cambiar la dieta."
Antibióticos,Ceftriaxona (inyección),"Infecciones: gonorrea, EPI, meningitis, pulmones, oídos, piel, tracto urinario, sangre, hueso, articulaciones, abdomen.","1-2 g cada 24h","4 g/día","Alergia a componentes, antecedentes de colitis, desnutrición, problemas Vitamina K, enf. renal/hepática, embarazo/lactancia.","Dolor en inyección, diarrea. Graves: reacciones alérgicas, anemia hemolítica, colitis, encefalopatía, colelitiasis.","Generalmente no es necesario cambiar la dieta."
Antibióticos,Azitromicina,"Infecciones: bronquitis, neumonía, ETS, oídos, pulmones, senos, piel, garganta, órganos reproductivos.","500 mg/día; luego 250 mg/día","500 mg/día","Alergia a componentes, antecedentes de prolongación QT, niveles bajos Mg/K, infección sangre, IC, problemas cardíacos, enf. renal/hepática, embarazo/lactancia.","Náuseas, diarrea, vómitos, dolor estómago, dolor cabeza. Graves: prolongación QT, hepatotoxicidad, reacciones alérgicas graves.","Generalmente no es necesario cambiar la dieta."
Antibióticos,Claritromicina,"Infecciones: neumonía, bronquitis, oídos, senos, piel, garganta. Elimina H. pylori.","250-500 mg cada 12h","1 g/día","Alergia a componentes, interacción con estatinas/IBP, antecedentes de arritmias, niveles bajos Mg/K, enf. coronaria, enf. renal/hepática, embarazo/lactancia. Causa mareos/confusión.","Diarrea, náuseas, vómitos, dolor estómago, acidez, gases, cambio gusto, dolor cabeza. Graves: prolongación QT, hepatotoxicidad, arritmias.","Generalmente no es necesario cambiar la dieta."
Antibióticos,Eritromicina,"Infecciones respiratorias (bronquitis, neumonía, tos ferina), ETS (sífilis), oído, intestino, tracto urinario, piel.","250-500 mg cada 6h","4 g/día","Alergia a componentes, antecedentes de arritmias, niveles bajos Mg/K, enf. hepática, embarazo/lactancia.","Molestias estomacales, diarrea, vómitos, dolor estómago, pérdida apetito. Graves: prolongación QT, hepatotoxicidad, miastenia gravis.","Generalmente no es necesario cambiar la dieta."
Antibióticos,Ciprofloxacino,"Infecciones: neumonía, gonorrea, diarrea infecciosa, piel, huesos, articulaciones, abdomen, próstata, bronquitis, senos, ITU.","250-750 mg cada 12h","1500 mg/día","Alergia a componentes, interacción con AINEs/teofilina, antecedentes de arritmias, diabetes, enf. hepática, embarazo/lactancia. Aumenta efectos cafeína.","Náuseas, diarrea, vómitos, dolor estómago, acidez, candidiasis, fotosensibilidad. Graves: tendinitis/rotura tendinosa, neuropatía periférica, prolongación QT, toxina botulínica-like.","No beba/coma mucha cafeína. Beba suficiente agua."
Antibióticos,Levofloxacino,"Infecciones: neumonía, riñón, próstata, piel, bronquitis, senos, ITU.","500-750 mg cada 24h","750 mg/día","Alergia a componentes, interacción con AINEs, antecedentes de arritmias, diabetes, enf. hepática, embarazo/lactancia.","Náuseas, diarrea, vómitos, dolor estómago, estreñimiento, acidez, candidiasis. Graves: tendinitis/rotura, neuropatía periférica, prolongación QT, reacciones de fotosensibilidad.","Tome suficiente agua/líquidos."
Antibióticos,Moxifloxacino,"Infecciones: neumonía, cutáneas, abdominales. Previene/trata peste. Bronquitis, senos.","400 mg cada 24h","400 mg/día","Alergia a componentes, interacción con AINEs, antecedentes de arritmias, diabetes, enf. hepática, embarazo/lactancia.","Náuseas, diarrea, vómitos, dolor estómago, estreñimiento, acidez. Graves: tendinitis/rotura, neuropatía periférica, prolongación QT, hepatotoxicidad.","Tome suficiente agua/líquidos."
Antibióticos,Doxiciclina,"Infecciones bacterianas, previene malaria. Acné y rosácea.","100 mg cada 12h","200 mg/día","Alergia a componentes, interacción con retinoides/antiácidos, disminuye eficacia anticonceptivos, precaución en lupus, enf. renal/hepática, embarazo/lactancia.","Náuseas, diarrea, vómitos, pérdida apetito, candidiasis, fotosensibilidad. Graves: hipertensión intracraneal, hepatotoxicidad, reacciones alérgicas.","Generalmente no es necesario cambiar la dieta."
Antibióticos,Tetraciclina,"Infecciones: neumonía, respiratorias, piel, ojos, digestivo, reproductor, urinario, acné.","250-500 mg cada 6h","2 g/día","Alergia a componentes, disminuye eficacia anticonceptivos, precaución en lupus, enf. renal, embarazo/lactancia.","Náuseas, vómito, diarrea, candidiasis, lengua negra vellosa. Graves: hipertensión intracraneal, hepatotoxicidad, fotosensibilidad.","Generalmente no es necesario cambiar la dieta."
Antibióticos,Cotrimoxazol,"Infecciones bacterianas, diarrea del viajero.","160/800 mg cada 12h","320/1600 mg/día","Alergia a componentes, deficiencia de G6PD, enf. hepática/renal, asma, VIH, embarazo/lactancia. Beba suficientes líquidos.","Náuseas, vómito, pérdida apetito. Graves: reacciones cutáneas graves (Síndrome de Stevens-Johnson), supresión de médula ósea, hepatotoxicidad, hiperpotasemia.","Beba suficientes líquidos."
Antibióticos,Gentamicina (inyección),"Infecciones graves: meningitis, sepsis, abdomen, pulmones, piel, huesos, ITU.","5-7 mg/kg cada 24h",,"Alergia a componentes, precaución en insuficiencia renal, miastenia gravis, Parkinson.","Náuseas, vómito, diarrea, dolor inyección. Graves: nefrotoxicidad, ototoxicidad (irreversible), bloqueo neuromuscular.","Generalmente no es necesario cambiar la dieta."
Antibióticos,Amikacina (inyección),"Infecciones graves: meningitis, sepsis, abdomen, pulmones, piel, huesos, ITU. Tuberculosis.","15-20 mg/kg cada 24h","1,5 g/día","Alergia a componentes, precaución en insuficiencia renal, embarazo/lactancia.","Náuseas, vómito, diarrea, dolor cabeza, fiebre. Graves: nefrotoxicidad, ototoxicidad (irreversible), bloqueo neuromuscular.","Generalmente no es necesario cambiar la dieta."
Antibióticos,Clindamicina,"Infecciones: pulmones, piel, sangre, órganos reproductivos. Acné, malaria, oído, amigdalitis, faringitis.","150-450 mg cada 6h","1,8 g/día","Alergia a componentes, antecedentes de colitis, enf. hepática, embarazo/lactancia.","Náuseas, vómito, sabor metálico, dolor articular, candidiasis. Graves: colitis seudomembranosa (diarrea asociada a C. difficile), hepatotoxicidad.","Generalmente no es necesario cambiar la dieta."
Antibióticos,Cloranfenicol (inyección),"Infecciones bacterianas graves cuando no hay alternativas.",,,"Alergia a componentes, precaución en insuficiencia hepática/renal, riesgo de anemia aplásica (dosis-dependiente y irreversible), embarazo/lactancia (síndrome del bebé gris).","Náuseas, vómitos, diarrea, cefalea, depresión, confusión. Graves: anemia aplásica, leucopenia, trombocitopenia, síndrome del bebé gris.","Generalmente no es necesario cambiar la dieta."
Sistema Nervioso (Ansiolíticos),Diazepam,"Ansiedad, agitación por abstinencia alcohólica, espasmos musculares, convulsiones.","2-10 mg 2-4 veces/día","40 mg/día","Alergia a componentes, interacción con antihistamínicos/omeprazol, enf. pulmonar/hepática, depresión, convulsiones, embarazo/lactancia. Causa somnolencia. Evitar alcohol.","Somnolencia, cansancio, debilidad muscular, ataxia. Graves: depresión respiratoria, dependencia, amnesia anterógrada.","Generalmente no es necesario cambiar la dieta."
Sistema Nervioso (Ansiolíticos),Lorazepam,"Ansiedad, insomnio.","1-2 mg 2-3 veces/día","10 mg/día","Alergia a componentes, interacción con otros depresores del SNC, convulsiones, apnea del sueño, EPOC, asma, enf. cardíaca/hepática, embarazo/lactancia. Causa somnolencia. Evitar alcohol.","Somnolencia, mareos, debilidad, pérdida equilibrio. Graves: depresión respiratoria, dependencia, amnesia.","Generalmente no es necesario cambiar la dieta."
Sistema Nervioso (Ansiolíticos),Clonazepam,"Convulsiones, ataques de pánico.","0,25-0,5 mg cada 12h","20 mg/día","Alergia a componentes, enf. pulmonar/renal, embarazo/lactancia. Causa somnolencia. Evitar alcohol.","Somnolencia, mareos, ataxia, problemas coordinación, dificultad memoria. Graves: depresión respiratoria, dependencia, discinesia.","Generalmente no es necesario cambiar la dieta."
Sistema Nervioso (Ansiolíticos),Alprazolam,"Trastornos de ansiedad y pánico.","Ansiedad: 0,25-0,5 mg 3 veces/día; Pánico: hasta 10 mg/día","Ansiedad: 4 mg/día; Pánico: 10 mg/día","Alergia a componentes, interacción con antihistamínicos/antiácidos/Hierba San Juan, convulsiones, EPOC, enf. renal/hepática, embarazo/lactancia. Causa somnolencia.","Somnolencia, aturdimiento, dolor cabeza, cansancio, mareos, irritabilidad, boca seca, cambios líbido, náuseas, estreñimiento. Graves: dependencia, síndrome de abstinencia, depresión respiratoria.","Generalmente no es necesario cambiar la dieta."
Sistema Nervioso (Antidepresivos),Fluoxetina,"Depresión, TOC, trastornos alimenticios, pánico.","20 mg 1 vez/día","80 mg/día","Alergia a componentes, interacción con IMAOs/Hierba San Juan/AINEs, antecedentes de arritmias, diabetes, convulsiones, enf. renal/hepática, embarazo/lactancia.","Nerviosismo, insomnio, náuseas, diarrea, boca seca, fatiga, temblor, disfunción sexual, sudoración. Graves: síndrome serotoninérgico, prolongación QT, sangrado, hiponatremia.","Generalmente no es necesario cambiar la dieta."
Sistema Nervioso (Antidepresivos),Sertralina,"Depresión, TOC, pánico, TEPT, ansiedad social, síndrome premenstrual.","50 mg 1 vez/día","200 mg/día","Alergia a componentes, interacción con IMAOs/Hierba San Juan/AINEs, antecedentes de arritmias, convulsiones, enf. hepática/renal, embarazo/lactancia.","Náuseas, diarrea, acidez, pérdida apetito, temblor, disfunción sexual, sudoración. Graves: síndrome serotoninérgico, prolongación QT, sangrado, hiponatremia.","Generalmente no es necesario cambiar la dieta."
Sistema Nervioso (Antidepresivos),Escitalopram,"Depresión, ansiedad generalizada.","10 mg 1 vez/día","20 mg/día","Alergia a componentes, interacción con IMAOs/Hierba San Juan/AINEs, antecedentes de arritmias, convulsiones, enf. hepática/renal, embarazo/lactancia.","Náuseas, disfunción sexual, somnolencia, insomnio, sudoración. Graves: síndrome serotoninérgico, prolongación QT, sangrado, hiponatremia.","Generalmente no es necesario cambiar la dieta."
Sistema Nervioso (Antidepresivos),Paroxetina,"Depresión, pánico, ansiedad social, ansiedad generalizada, TEPT.","20 mg 1 vez/día","50-60 mg/día","Alergia a componentes, interacción con IMAOs/Hierba San Juan/AINEs, antecedentes de arritmias, convulsiones, problemas hemorragia, osteoporosis, enf. cardíaca/hepática/renal, embarazo/lactancia.","Mareos, debilidad, temblor, insomnio, nerviosismo, náuseas, diarrea, estreñimiento, pérdida apetito, disfunción sexual, boca seca, sudoración. Graves: síndrome serotoninérgico, sangrado, hiponatremia, síntomas de retirada.","Generalmente no es necesario cambiar la dieta."
Sistema Nervioso (Antidepresivos),Amitriptilina,"Depresión.","25-75 mg en la noche","150 mg/día","Alergia a componentes, interacción con antihistamínicos/cimetidina, infarto reciente, glaucoma, retención urinaria, convulsiones, diabetes, esquizofrenia, enf. hepática/renal/cardíaca, embarazo/lactancia. Causa somnolencia. Evitar alcohol.","Náuseas, vómito, somnolencia, fatiga, pesadillas, cefalea, boca seca, estreñimiento, retención urinaria, visión borrosa, disfunción sexual, sudoración, cambios apetito. Graves: arritmias, cardiotoxicidad, convulsiones, hepatitis.","Generalmente no es necesario cambiar la dieta."
Sistema Nervioso (Antidepresivos),Venlafaxina,"Depresión, ansiedad generalizada, ansiedad social.","75 mg/día","225 mg/día","Alergia a componentes, interacción con IMAOs/Hierba San Juan/cimetidina, antecedentes de arritmias, hipertensión, colesterol elevado, convulsiones, enf. corazón/riñón/hígado/tiroides, embarazo/lactancia. Causa somnolencia.","Somnolencia, náuseas, boca seca, pérdida apetito, sudoración, disfunción sexual. Graves: síndrome serotoninérgico, hipertensión sostenida, prolongación QT, sangrado, convulsiones.","Generalmente no es necesario cambiar la dieta."
Sistema Nervioso (Antidepresivos),Duloxetina,"Depresión, ansiedad generalizada, dolor neuropático/musculoesquelético.","30-60 mg 1 vez/día","120 mg/día","Alergia a componentes, interacción con IMAOs/IBP/cimetidina/AINEs, niveles bajos sodio, infarto reciente, hipertensión, diabetes, convulsiones, problemas estómago, enf. cardíaca/hepática/renal, embarazo/lactancia. Causa somnolencia y mareos al levantarse.","Náuseas, vómitos, diarrea, estreñimiento, disminución apetito, cambios peso, boca seca, sudoración, fatiga, disfunción sexual. Graves: síndrome serotoninérgico, hepatotoxicidad, sangrado, hiponatremia.","Generalmente no es necesario cambiar la dieta."
Sistema Nervioso (Antipsicóticos),Haloperidol,"Trastornos psicóticos, tics motores/verbales.","0,5-5 mg 2-3 veces/día","100 mg/día","Alergia a componentes, Parkinson, demencia con cuerpos de Lewy, antecedentes de arritmias, niveles bajos Ca/Mg, enfermedad cardíaca/tiroidea, embarazo/lactancia. Causa somnolencia y mareos al levantarse.","Boca seca, visión borrosa, pérdida apetito, estreñimiento, insomnio, acatisia, discinesia, parkinsonismo, galactorrea, disfunción sexual. Graves: síndrome neuroléptico maligno, prolongación QT, discinesia tardía.","Generalmente no es necesario cambiar la dieta."
Sistema Nervioso (Antipsicóticos),Clorpromazina,"Esquizofrenia, otros trastornos psicóticos, control de náuseas/vómitos, hipo.","25-100 mg 2-4 veces/día","800 mg/día","Alergia a componentes, asma, problemas equilibrio, cáncer mama, convulsiones, enf. corazón/hígado/riñones, embarazo/lactancia. Causa somnolencia y mareos al levantarse.","Mareos, ataxia, hipotensión ortostática, aumento apetito/peso, galactorrea, disfunción eréctil, boca seca, congestión nasal. Graves: SNM, agranulocitosis, discinesia tardía, colestasis.","Generalmente no es necesario cambiar la dieta."
Sistema Nervioso (Antipsicóticos),Risperidona,"Esquizofrenia, trastorno bipolar, irritabilidad en autismo.","1-2 mg/día","16 mg/día","Alergia a componentes, Parkinson, niveles bajos glóbulos blancos, dificultad tragar, problemas equilibrio, ACV, convulsiones, enf. riñón/hígado/corazón, embarazo/lactancia. Causa somnolencia y mareos al levantarse.","Náuseas, vómitos, diarrea, estreñimiento, boca seca, aumento salivación, aumento peso, ansiedad, agitación, disfunción sexual. Graves: SNM, discinesia tardía, hiperglucemia, hiperprolactinemia.","Generalmente no es necesario cambiar la dieta."
Sistema Nervioso (Antipsicóticos),Quetiapina,"Esquizofrenia, trastorno bipolar, trastorno depresivo mayor.","25 mg cada 12h","800 mg/día","Alergia a componentes, interacción con cimetidina, antecedentes de diabetes, disfagia, convulsiones, cataratas, colesterol alto, hipotiroidismo, enf. corazón/hígado, embarazo/lactancia. Causa somnolencia y mareos al levantarse.","Mareos, somnolencia, boca seca, náuseas, vómitos, estreñimiento, aumento apetito/peso, disartria. Graves: SNM, discinesia tardía, hiperglucemia, cataratas.","Generalmente no es necesario cambiar la dieta."
Sistema Nervioso (Antipsicóticos),Olanzapina,"Esquizofrenia, trastorno bipolar.","5-10 mg 1 vez/día","20 mg/día","Alergia a componentes, interacción con antihistamínicos/omeprazol, antecedentes de ACV, demencia, convulsiones, cáncer mama, problemas deglución, hiperlipidemia, neutropenia, hepatopatía, embarazo/lactancia. Causa somnolencia y mareos al levantarse.","Somnolencia, sedación, aumento peso, aumento apetito, estreñimiento, boca seca. Graves: SNM, discinesia tardía, hiperglucemia, hepatotoxicidad.","Generalmente no es necesario cambiar la dieta."
Sistema Nervioso (Antipsicóticos),Clozapina,"Esquizofrenia refractaria.","12,5 mg 1-2/día","900 mg/día","Alergia a componentes, interacción con otros, antecedentes de discrasias sanguíneas, miocarditis, epilepsia, íleo paralítico, hepatopatía, embarazo/lactancia.","Somnolencia, mareos, hipersalivación, boca seca, fiebre. Graves: agranulocitosis, miocarditis, SNM, convulsiones, íleo.","Consulte sobre bebidas cafeinadas."
Sistema Nervioso (Anticonvulsivantes),Ácido valproico,"Convulsiones, manía en bipolar, prevención migraña.","10-15 mg/kg/día","60 mg/kg/día","Alergia a componentes, interacción con Aspirina, hepatopatía, trastornos de la coagulación, acidosis metabólica, pancreatitis, embarazo (teratógeno), lactancia. Causa somnolencia. Evitar alcohol.","Somnolencia, mareos, ataxia, temblor, aumento peso, alopecia. Graves: hepatotoxicidad, pancreatitis, hiperamonemia, teratogenicidad.","Generalmente no es necesario cambiar la dieta."
Sistema Nervioso (Anticonvulsivantes),Carbamazepina,"Convulsiones, neuralgia del trigémino, manía.","200 mg cada 12h","1200 mg/día","Alergia a componentes, interacción con múltiples fármacos, ascendencia asiática (riesgo SJS), historia de depresión, problemas cardíacos, enf. hepática/renal/tiroidea, embarazo/lactancia. Causa somnolencia/mareos. Evitar alcohol.","Somnolencia, mareos, ataxia, diplopía, náuseas. Graves: SJS/NET, agranulocitosis, anemia aplásica, hepatotoxicidad, hiponatremia.","Generalmente no es necesario cambiar la dieta."
Sistema Nervioso (Anticonvulsivantes),Fenitoína,"Convulsiones, arritmias cardíacas.","100 mg 3 veces/día","600 mg/día","Alergia a componentes, interacción con múltiples fármacos, ascendencia asiática (riesgo SJS), enfermedades cardíacas/hepáticas, porfiria, embarazo/lactancia. Causa mareos/somnolencia. Evitar alcohol.","Ataxia, nistagmo, confusión, disartria, gingival hyperplasia, hirsutismo. Graves: SJS/NET, hepatotoxicidad, discrasias sanguíneas, síndrome de Stevens-Johnson.","Generalmente no es necesario cambiar la dieta."
Sistema Nervioso (Anticonvulsivantes),Levetiracetam,"Convulsiones de inicio parcial.","500 mg cada 12h","3 g/día","Alergia a componentes, interacción con otros, enfermedad renal, depresión/ideas suicidas, embarazo/lactancia. Causa mareos/somnolencia.","Somnolencia, astenia, mareos, ataxia, convulsiones paradójicas. Graves: psicosis, ideación suicida, angioedema, insuficiencia hepática aguda.","Generalmente no es necesario cambiar la dieta."
Sistema Nervioso (Anticonvulsivantes),Lamotrigina,"Epilepsia, trastorno bipolar.","25 mg/día (inicio)","400 mg/día","Alergia a componentes, interacción con valproato/carbamazepina, disminuye eficacia anticonceptivos, ascendencia asiática (riesgo SJS), embarazo/lactancia. Causa somnolencia/mareos.","Mareos, somnolencia, ataxia, diplopía, visión borrosa. Graves: erupción cutánea grave (SJS/NET), insuficiencia hepática, discrasias sanguíneas.","Generalmente no es necesario cambiar la dieta."
Sistema Nervioso (Hipnóticos),Zolpidem,"Insomnio.","5-10 mg al acostarse","10 mg/día","Alergia a componentes, interacción con otros depresores del SNC, depresión, enfermedades mentales, apnea del sueño, EPOC, asma, enf. renal/hepática, embarazo/lactancia. No beba alcohol.","Somnolencia diurna, cefalea, mareos, amnesia anterógrada, alucinaciones, sonambulismo. Graves: reacciones complejas del sueño, depresión respiratoria, dependencia.","Generalmente no es necesario cambiar la dieta."
Sistema Nervioso (Hipnóticos),Eszopiclona,"Insomnio.","1-3 mg al acostarse","3 mg/día","Alergia a componentes, antecedentes de conductas complejas del sueño, depresión, enfermedad mental, enfermedad pulmonar/hepática, embarazo/lactancia. Causa somnolencia. No beba alcohol.","Disgeusia (sabor amargo), cefalea, somnolencia diurna, mareos, boca seca. Graves: angioedema, reacciones complejas del sueño, dependencia.","Generalmente no es necesario cambiar la dieta."
Sistema Nervioso (Antiparkinsonianos),Levodopa/Carbidopa,"Enfermedad de Parkinson.","25/100 mg 3 veces/día",~2 g/día,"Alergia a componentes, interacción con antihistamínicos/hierro, glaucoma de ángulo cerrado, melanoma, enfermedades mentales, úlcera péptica, infarto, arritmias, enf. corazón/riñón/hígado/pulmón, embarazo/lactancia. Causa mareos al levantarse. Puede oscurecer fluidos.","Náuseas, vómitos, mareos, discinesia, alucinaciones, hipotensión ortostática. Graves: síndrome neuroléptico maligno, psicosis, hemorragia digestiva.","Hable con su médico sobre dieta rica en proteínas."
Sistema Nervioso (Antiparkinsonianos),Pramipexol,"Enfermedad de Parkinson.","0,125 mg 3 veces/día","4,5 mg/día","Alergia a componentes, interacción con otros, enfermedades mentales, discinesia, trastornos del sueño, mareos, hipotensión, enf. renal, embarazo/lactancia. El alcohol aumenta somnolencia.","Náuseas, mareos, somnolencia, insomnio, alucinaciones, hipotensión. Graves: conductas de control de impulsos (juego, hipersexualidad), síndrome de retirada.","Generalmente no es necesario cambiar la dieta."
Sistema Nervioso (Estimulantes),Metilfenidato,"TDAH, narcolepsia.","5 mg 1-2 veces/día","60 mg/día","Alergia a componentes, interacción con IMAOs, antecedentes de arritmias, hipertensión, tics, trastorno bipolar, glaucoma, problemas circulatorios, embarazo/lactancia.","Nerviosismo, insomnio, pérdida apetito/peso, cefalea, dolor abdominal, taquicardia. Graves: retraso del crecimiento, convulsiones, priapismo, exacerbación de psicosis.","Generalmente no es necesario cambiar la dieta."
Sistema Nervioso (Antidemencia),Donepezilo,"Demencia tipo Alzheimer.","5 mg en la noche","10 mg/día","Alergia a componentes, interacción con otros, bradicardia, asma, EPOC, úlcera péptica, dificultad para orinar, convulsiones, enf. corazón/hígado/riñón, embarazo/lactancia.","Náuseas, vómitos, diarrea, pérdida apetito/peso, fatiga, insomnio, calambres musculares. Graves: bradicardia severa, síncope, úlcera gástrica, convulsiones.","Generalmente no es necesario cambiar la dieta."
Sistema Nervioso (Otros),Gabapentina,"Convulsiones, dolor neuropático, síndrome piernas inquietas.","300 mg/día","3600 mg/día","Alergia a componentes, interacción con AINEs/opioides, enfermedad pulmonar/renal, embarazo/lactancia. Causa somnolencia/mareos/lentitud. El alcohol aumenta somnolencia.","Somnolencia, mareos, ataxia, fatiga, edema periférico, visión borrosa. Graves: depresión respiratoria, reacciones cutáneas graves (SJS).","Generalmente no es necesario cambiar la dieta."
Sistema Nervioso (Otros),Pregabalina,"Dolor neuropático, convulsiones (1 mes).","75 mg cada 12h","600 mg/día","Alergia a componentes, interacción con otros, angioedema, insuficiencia cardíaca, problemas hemorragia, enf. pulmonar/cardíaca/renal, embarazo/lactancia. Causa mareos/somnolencia. El alcohol aumenta somnolencia.","Mareos, somnolencia, cefalea, visión borrosa, aumento peso, edema periférico. Graves: angioedema, depresión respiratoria, insuficiencia cardíaca.","Generalmente no es necesario cambiar la dieta."
Sistema Nervioso (Otros),Topiramato,"Convulsiones, prevención migraña.","25-50 mg/día (inicio)","400 mg/día","Alergia a componentes, interacción con AINEs/aspirina, antecedentes de cálculos renales, EPOC, asma, depresión, glaucoma, enf. renal/hepática, embarazo/lactancia. Causa somnolencia/mareos. Riesgo de cálculos renales.","Parestesias, pérdida peso, somnolencia, mareos, fatiga, confusión, dificultad memoria. Graves: glaucoma agudo, acidosis metabólica, nefrolitiasis, hipohidrosis.","Generalmente no es necesario cambiar la dieta."
Sistema Digestivo (IBP),Omeprazol,"ERGE, úlcera péptica, síndrome de Zollinger-Ellison.","20 mg 1 vez/día","40 mg/día","Alergia a componentes, interacción con clopidogrel/micofenolato/hierro, niveles bajos Mg/Ca, osteoporosis, lupus, hepatopatía, embarazo/lactancia.","Cefalea, diarrea, estreñimiento, náuseas, gases. Graves: nefritis tubulointersticial, deficiencia de vitamina B12, hipomagnesemia, fracturas.","Generalmente no es necesario cambiar la dieta."
Sistema Digestivo (IBP),Esomeprazol,"ERGE, úlcera péptica, síndrome de Zollinger-Ellison.","20-40 mg 1 vez/día","40 mg/día","Alergia a componentes, interacción con clopidogrel/cilostazol/diazepam, niveles bajos Mg/Ca, osteoporosis, lupus, hepatopatía, embarazo/lactancia.","Cefalea, diarrea, estreñimiento, náuseas, boca seca. Graves: nefritis tubulointersticial, deficiencia B12, hipomagnesemia, lupus eritematoso cutáneo.","Generalmente no es necesario cambiar la dieta."
Sistema Digestivo (IBP),Pantoprazol,"ERGE, úlcera péptica.","40 mg 1 vez/día","80 mg/día","Alergia a componentes, interacción con metotrexato/hierro, niveles bajos Mg/Ca, osteoporosis, lupus, embarazo/lactancia.","Cefalea, diarrea, náuseas, vómitos, gases, dolor articular. Graves: nefritis tubulointersticial, hipomagnesemia, deficiencia B12, fracturas.","Generalmente no es necesario cambiar la dieta."
Sistema Digestivo (IBP),Lansoprazol,"ERGE, úlcera péptica.","15-30 mg 1 vez/día","30 mg/día","Alergia a componentes, interacción con sucralfato/micofenolato/hierro, niveles bajos Mg/Ca, osteoporosis, lupus, embarazo/lactancia.","Náuseas, diarrea, estreñimiento, cefalea, mareos. Graves: nefritis tubulointersticial, hipomagnesemia, deficiencia B12.","Generalmente no es necesario cambiar la dieta."
Sistema Digestivo (Antiácidos),Hidróxido de aluminio,"Acidez estomacal, úlceras pépticas.","500-600 mg entre comidas/al acostarse","6,4 g/día","Alergia a componentes, interacción con tetraciclinas/fluoroquinolonas, hipertensión, hemorragia digestiva, insuficiencia cardíaca/renal, embarazo/lactancia.","Estreñimiento, pérdida apetito. Graves: hipofosfatemia, osteomalacia, obstrucción intestinal.","Generalmente no es necesario cambiar la dieta."
Sistema Digestivo (Antiácidos/Suplemento),Carbonato de calcio,"Suplemento de calcio, antiácido.","500-1000 mg según síntomas","7 g/día","Alergia a componentes, interacción con levotiroxina/bisfosfonatos/antibióticos, enfermedad renal/afecciones estomacales, embarazo/lactancia.","Molestias estomacales, vómitos, dolor estómago, eructos, estreñimiento, boca seca, sabor metálico. Graves: hipercalcemia, síndrome leche-álcali.","Generalmente no es necesario cambiar la dieta."
Sistema Digestivo (Protector mucosa),Sucralfato,"Úlcera duodenal.","1 g 4 veces/día","4 g/día","Alergia a componentes, interacción con cimetidina/ranitidina/digoxina/fluoroquinolonas, insuficiencia renal, dificultad para tragar, embarazo/lactancia.","Estreñimiento. Graves: bezoar, obstrucción digestiva (riesgo en pacientes con problemas de deglución).","Generalmente no es necesario cambiar la dieta."
Sistema Digestivo (Antidiarreico),Subsalicilato de bismuto,"Diarrea, acidez estomacal.","524 mg cada 30-60 minutos (prn)","4,2 g/día","Alergia a componentes, interacción con anticoagulantes/antidiabéticos/metotrexato, antecedentes de úlcera, problemas hemorragia, insuficiencia renal, varicela/gripe (riesgo síndrome de Reye), embarazo/lactancia.","Lengua/heces negras. Graves: ototoxicidad (zumbidos) por sobredosis, síndrome de Reye (niños con infecciones virales).","Tome abundante agua. Continúe alimentación normal."
Sistema Digestivo (Antiemético),Ondansetrón,"Náuseas y vómitos por quimioterapia/radioterapia/cirugía.","4-8 mg cada 8h","24 mg/día","Alergia a componentes, antecedentes de prolongación QT, niveles bajos Mg/K, insuficiencia cardíaca, hepatopatía, embarazo/lactancia.","Cefalea, estreñimiento, fatiga, escalofríos. Graves: prolongación QT (dosis-dependiente), síndrome serotoninérgico.","Generalmente no es necesario cambiar la dieta."
Sistema Digestivo (Procinético/Antiemético),Metoclopramida,"ERGE refractario, vaciado gástrico lento, náuseas/vómitos por quimioterapia.","10 mg cada 6-8h","40 mg/día","Alergia a componentes, interacción con depresores del SNC/neurolépticos, antecedentes de hemorragia/perforación/obstrucción intestinal, Parkinson, depresión, feocromocitoma, embarazo/lactancia. Causa somnolencia. Evitar alcohol.","Somnolencia, fatiga, diarrea, acatisia. Graves: discinesia tardía (irreversible), síndrome neuroléptico maligno, depresión con ideación suicida.","Generalmente no es necesario cambiar la dieta."
Sistema Digestivo (Antihistamínico),Dimenhidrinato,"Mareo por movimiento.","50-100 mg cada 4-6h","400 mg/día","Alergia a componentes, interacción con otros depresores del SNC, asma, EPOC, glaucoma, dificultad para orinar (HPB), convulsiones, embarazo/lactancia. Causa somnolencia.","Somnolencia, cefalea, mareos, sequedad boca, disminución de la agudeza mental. Graves: arritmias, retención urinaria.","Generalmente no es necesario cambiar la dieta."
Sistema Digestivo (Laxante),Lactulosa,"Estreñimiento.","15-39 mL 1-2 veces/día","60 mL/día","Alergia a componentes, intolerancia a la galactosa, diabetes (la solución contiene azúcares), embarazo/lactancia.","Flatulencia, náuseas, diarrea (a dosis altas). Graves: desequilibrio electrolítico (raro).","Generalmente no es necesario cambiar la dieta."
Sistema Digestivo (Laxante),Polietilenglicol (PEG),"Estreñimiento ocasional.","17 g 1 vez/día","17 g/día","Alergia a componentes, obstrucción intestinal, íleo, perforación GI, colitis tóxica, megacolon tóxico, embarazo/lactancia.","Distensión abdominal, flatulencia, náuseas, calambres. Graves: desequilibrio electrolítico (raro), aspiración.","Generalmente no es necesario cambiar la dieta."
Sistema Digestivo (Antidiarreico),Loperamida,"Diarrea aguda, diarrea del viajero.","4 mg (inicio)","8 mg/día","Alergia a componentes, interacción con quinidina/ritonavir, colitis ulcerosa aguda, diarrea por C. difficile, fiebre, sangre en heces, hepatopatía, embarazo/lactancia. Causa mareos/somnolencia.","Estreñimiento, fatiga, mareos. Graves: íleo paralítico, megacolon tóxico, prolongación QT (a dosis altas).","Beba mucho líquido."
Sistema Digestivo (Antiinflamatorio intestinal),Mesalazina,"Colitis ulcerosa.","2,4-4,8 g/día","4,8 g/día","Alergia a componentes (especialmente a salicilatos), interacción con AINEs/anticoagulantes, antecedentes de pericarditis, enfermedad renal/hepática, embarazo/lactancia.","Estreñimiento, náuseas, dolor articular/espalda, cefalea. Graves: pericarditis, pancreatitis, nefritis tubulointersticial, síndrome similar al lupus.","Generalmente no es necesario cambiar la dieta."
Sistema Digestivo (Antiflatulento),Simeticona,"Flatulencia, hinchazón abdominal.","40-125 mg después comidas/al acostarse","500 mg/día","Alergia a componentes, interacción con levotiroxina, embarazo/lactancia.","Generalmente no tiene efectos secundarios. (Ninguno reportado).","Generalmente no es necesario cambiar la dieta."
Sistema Digestivo (Antihistamínico H2),Famotidina,"Úlcera péptica, ERGE, acidez estomacal.","20 mg cada 12h o 40 mg en la noche","80 mg/día","Alergia a componentes, interacción con otros, enfermedad renal/hepática, embarazo/lactancia.","Cefalea, mareos, estreñimiento, diarrea. Graves: hepatotoxicidad (rara), discrasias sanguíneas.","Generalmente no es necesario cambiar la dieta."
Sistema Digestivo (Antibiótico intestinal),Rifaximina,"Diarrea del viajero, encefalopatía hepática, SII (con diarrea).","550 mg cada 12h","1650 mg/día","Alergia a componentes, interacción con P-gp (ciclosporina), antecedentes de diarrea por C. difficile, hepatopatía, embarazo/lactancia.","Náuseas, dolor estómago, mareos, fatiga, cefalea. Graves: colitis seudomembranosa, reacciones alérgicas.","Generalmente no es necesario cambiar la dieta."
Tópicos (Oftálmicos),Tobramicina (oftálmica),"Infecciones oculares bacterianas.","1-2 gotas cada 4h",,"Alergia a componentes, interacción con otros medicamentos, uso de lentes de contacto, embarazo/lactancia.","Ardor/picazón temporal, lagrimeo, hinchazón. Graves: reacciones alérgicas, queratitis punctata.","Generalmente no es necesario cambiar la dieta."
Tópicos (Oftálmicos),Ciprofloxacino (oftálmico),"Conjuntivitis bacteriana, úlceras corneales.","1-2 gotas cada 2-4h",,"Alergia a componentes, interacción con otros, embarazo/lactancia.","Ardor, enrojecimiento, molestias, sabor desagradable. Graves: precipitados blancos en córnea, queratitis.","Consulte sobre consumo de cafeína."
Tópicos (Oftálmicos),Gentamicina (oftálmica),"Infecciones oculares bacterianas.","1-2 gotas cada 4h",,"Alergia a componentes, embarazo/lactancia.","Irritación, ardor, hinchazón. Graves: queratitis punctata, reacciones alérgicas.","Generalmente no es necesario cambiar la dieta."
Tópicos (Oftálmicos),Eritromicina (oftálmica),"Infecciones oculares, profilaxis oftalmia neonatal.","Aplicar ungüento 4 veces/día",,"Alergia a componentes, embarazo/lactancia.","Enrojecimiento, picazón, ardor.","Generalmente no es necesario cambiar la dieta."
Tópicos (Oftálmicos),Dexametasona (oftálmica),"Inflamación ocular (uveítis, conjuntivitis alérgica).","1 gota 4-6 veces/día",,"Alergia a componentes, diabetes, hipertensión ocular, infecciones virales/fúngicas no tratadas, embarazo/lactancia.","Visión borrosa, presión ocular elevada, cataratas. Graves: glaucoma, adelgazamiento corneal.","Generalmente no es necesario cambiar la dieta."
Tópicos (Oftálmicos),Prednisolona (oftálmica),"Inflamación ocular.","1-2 gotas 2-4 veces/día",,"Alergia a componentes, diabetes, hipertensión ocular, infecciones oculares no tratadas, embarazo/lactancia.","Ardor/picazón, visión borrosa temporal. Graves: aumento presión intraocular, cataratas, retraso en cicatrización.","Generalmente no es necesario cambiar la dieta."
Tópicos (Oftálmicos),Olopatadina (oftálmica),"Picazón ocular por conjuntivitis alérgica.","1 gota 1-2 veces/día",,"Alergia a componentes, embarazo/lactancia.","Visión borrosa, ardor, ojo seco, cambio gusto. Graves: queratitis, fotofobia.","Generalmente no es necesario cambiar la dieta."
Tópicos (Oftálmicos),Ketotifeno (oftálmica),"Conjuntivitis alérgica.","1 gota cada 8-12h",,"Alergia a componentes, embarazo/lactancia.","Ardor, cefalea, ojo seco, visión borrosa. Graves: fotosensibilidad, erupción.","Generalmente no es necesario cambiar la dieta."
Tópicos (Oftálmicos),Azelastina (oftálmica),"Conjuntivitis alérgica.","1 gota cada 12h",,"Alergia a componentes, embarazo/lactancia.","Ardor, cefalea, sabor amargo, visión borrosa.","Generalmente no es necesario cambiar la dieta."
Tópicos (Oftálmicos),Latanoprost (oftálmica),"Glaucoma, hipertensión ocular.","1 gota por la noche",,"Alergia a componentes, afaquia, inflamación ocular activa, embarazo/lactancia.","Cambio de color del iris (irreversible), crecimiento de pestañas, visión borrosa. Graves: exacerbación de uveítis, edema macular.","Generalmente no es necesario cambiar la dieta."
Tópicos (Oftálmicos),Travoprost (oftálmica),"Glaucoma, hipertensión ocular.","1 gota por la noche",,"Alergia a componentes, afaquia, inflamación ocular activa, embarazo/lactancia.","Hiperemia conjuntival, cambio de color del iris, oscurecimiento de pestañas/piel periorbitaria. Graves: edema macular, exacerbación de uveítis.","Generalmente no es necesario cambiar la dieta."
Tópicos (Oftálmicos),Timolol (oftálmica),"Glaucoma, hipertensión ocular.","1 gota cada 12h",,"Alergia a componentes, asma, EPOC, bradicardia, insuficiencia cardíaca, diabetes, embarazo/lactancia.","Irritación ocular, visión borrosa, cefalea, depresión. Graves: bradicardia, broncoespasmo, insuficiencia cardíaca.","Generalmente no es necesario cambiar la dieta."
Tópicos (Oftálmicos),Brimonidina (oftálmica),"Glaucoma, hipertensión ocular.","1 gota cada 8h",,"Alergia a componentes, depresión, enfermedades vasculares, insuficiencia cardíaca/renal/hepática, embarazo/lactancia.","Irritación, ojo seco, visión borrosa, cefalea, fatiga. Graves: hipotensión sistémica, bradicardia.","Generalmente no es necesario cambiar la dieta."
Tópicos (Oftálmicos),Dorzolamida (oftálmica),"Glaucoma, hipertensión ocular.","1 gota cada 8h",,"Alergia a componentes (sulfonamidas), cálculos renales, insuficiencia renal, embarazo/lactancia.","Ardor/escozor, sabor amargo, sensibilidad a la luz. Graves: acidosis metabólica (raro), nefrolitiasis.","Generalmente no es necesario cambiar la dieta."
Tópicos (Oftálmicos),Tropicamida (oftálmica),"Dilatación pupilar para examen.","1-2 gotas antes del examen",,"Alergia a componentes, glaucoma de ángulo cerrado (riesgo de ataque), embarazo/lactancia.","Escozor, fotofobia, visión borrosa. Graves: psicosis (raro), hipertensión ocular.","Generalmente no es necesario cambiar la dieta."
Tópicos (Oftálmicos),Atropina (oftálmica),"Dilatación pupilar, cicloplejía, tratamiento de uveítis.","1 gota 1-3 veces/día",,"Alergia a componentes, glaucoma de ángulo cerrado, adherencias del iris, hipertrofia prostática, embarazo/lactancia.","Enrojecimiento, fotofobia, visión borrosa, boca seca, enrojecimiento piel. Graves: psicosis tóxica, taquicardia.","Generalmente no es necesario cambiar la dieta."
Tópicos (Oftálmicos),Aciclovir (oftálmica),"Queratitis herpética.","Ungüento 5 veces/día",,"Alergia a componentes, embarazo/lactancia.","Ardor, blefaritis, queratitis punctata.","Generalmente no es necesario cambiar la dieta."
Tópicos (Dermatológicos),Aciclovir (tópica),"Herpes labial, herpes genital.","Aplicar 5 veces/día",,"Alergia a componentes, inmunosupresión, embarazo/lactancia.","Quemazón, escozor, sequedad, descamación.","Generalmente no es necesario cambiar la dieta."
Antifúngicos (Tópicos),Clotrimazol (tópica),"Tiña corporal, crural, pedis.","Aplicar 2 veces/día",,"Alergia a componentes, embarazo/lactancia.","Ampollas, enrojecimiento, picazón, ardor, escozor, urticaria.","Generalmente no es necesario cambiar la dieta."
Antifúngicos (Tópicos),Miconazol (tópica),"Tiña corporal, crural, pedis.","Aplicar 2 veces/día",,"Alergia a componentes, embarazo/lactancia.","Irritación, ardor, sarpullido.","Generalmente no es necesario cambiar la dieta."
Antifúngicos (Sistémicos),Ketoconazol (tópico, suspensión oral),"Tiña corporal, crural, pedis, versicolor.","200 mg 1 vez/día","400 mg/día","Alergia a componentes, interacción con múltiples fármacos, hepatotoxicidad, asma, insuficiencia suprarrenal, embarazo/lactancia.","Cambios textura cabello, ampollas, piel seca. Graves: hepatotoxicidad grave, anafilaxia, prolongación QT.","Generalmente no es necesario cambiar la dieta."
Antifúngicos (Sistémicos/Tópicos),Terbinafina,"Onicomicosis, tiña del cuero cabelludo.","250 mg 1 vez/día","250 mg/día","Alergia a componentes, interacción con cimetidina/cafeína/antidepresivos tricíclicos, antecedentes de hepatotoxicidad, insuficiencia renal/hepática, embarazo/lactancia.","Diarrea, dispepsia, cefalea, cambios humor, pérdida interés. Graves: hepatotoxicidad, agranulocitosis, SJS.","Generalmente no es necesario cambiar la dieta."
Antifúngicos (Tópicos),Nistatina (tópica),"Candidiasis cutánea.","Aplicar 2-4 veces/día",,"Alergia a componentes, embarazo/lactancia.","Ardor, dolor, sarpullido, urticaria.","Generalmente no es necesario cambiar la dieta."
Antifúngicos (Sistémicos),Fluconazol,"Candidiasis (vaginal, esofágica, sistémica), meningitis criptocócica.","150 mg dosis única (vaginal); 200-400 mg/día","800 mg/día","Alergia a componentes, interacción con warfarina/antidiabéticos/AINEs, antecedentes de arritmias, niveles bajos K/Mg, insuficiencia renal/hepática, embarazo/lactancia.","Cefalea, mareos, diarrea, dolor estómago, acidez. Graves: hepatotoxicidad, prolongación QT, SJS.","Generalmente no es necesario cambiar la dieta."
Antifúngicos (Sistémicos),Itraconazol,"Candidiasis, aspergilosis, histoplasmosis, onicomicosis.","100-200 mg 1-2 veces/día","400 mg/día","Alergia a componentes, interacción con múltiples fármacos (estatinas, benzodiazepinas), antecedentes de insuficiencia cardíaca, hepatotoxicidad, embarazo/lactancia.","Náuseas, vómitos, diarrea, cefalea, disfunción eréctil, pérdida cabello. Graves: insuficiencia cardíaca, hepatotoxicidad, SJS.","Generalmente no es necesario cambiar la dieta."
Antifúngicos (Sistémicos),Voriconazol,"Candidiasis invasiva, aspergilosis, infecciones fúngicas graves.","200 mg cada 12h","400 mg cada 12h","Alergia a componentes, interacción con múltiples fármacos, antecedentes de arritmias, niveles bajos K/Mg, insuficiencia hepática/renal, embarazo/lactancia.","Alteraciones visuales, fotosensibilidad, rash, náuseas. Graves: hepatotoxicidad, prolongación QT, SJS.","Generalmente no es necesario cambiar la dieta."
Antifúngicos (Ginecológicos),Clotrimazol (vaginal),"Candidiasis vaginal.","100 mg intravaginal por 7 días",,"Alergia a componentes, interacción con otros, fiebre, escalofríos, flujo maloliente, embarazo/lactancia.","Aumento de ardor, picazón o irritación vaginal.","Generalmente no es necesario cambiar la dieta."
Antifúngicos (Ginecológicos),Miconazol (vaginal),"Candidiasis vaginal.","100 mg por 7 días",,"Alergia a componentes, interacción con warfarina, fiebre, escalofríos, flujo maloliente, embarazo/lactancia.","Aumento de ardor, picazón o irritación vaginal.","Generalmente no es necesario cambiar la dieta."
Antifúngicos (Inyectables),Caspofungina (inyección),"Candidiasis invasiva, aspergilosis refractaria.","70 mg (intravenosa)","70 mg/día","Alergia a componentes, interacción con ciclosporina/tacrolimus, antecedentes de hepatotoxicidad, embarazo/lactancia.","Hinchazón, flebitis, diarrea, náuseas, cefalea. Graves: hepatotoxicidad, anafilaxia, SJS.","Generalmente no es necesario cambiar la dieta."
Antivirales (Sistémicos),Aciclovir,"Herpes zóster, herpes simple, varicela.","400 mg 3 veces/día","4 g/día","Alergia a componentes, interacción con probenecid, insuficiencia renal, deshidratación, embarazo/lactancia.","Náuseas, vómitos, diarrea, cefalea, fatiga, agitación. Graves: insuficiencia renal aguda, neurotoxicidad (alucinaciones, convulsiones).","Beba mucho líquido."
Antivirales (Sistémicos),Valaciclovir,"Herpes zóster, herpes simple.","500 mg-1 g 1-3 veces/día","3 g/día","Alergia a componentes, interacción con probenecid/cimetidina, insuficiencia renal, inmunosupresión, embarazo/lactancia.","Cefalea, náuseas, vómitos, diarrea, estreñimiento. Graves: síndrome urémico hemolítico, neurotoxicidad, insuficiencia renal.","Generalmente no es necesario cambiar la dieta."
Antivirales (Sistémicos),Oseltamivir,"Influenza (gripe).","75 mg cada 12h por 5 días","150 mg/día","Alergia a componentes, interacción con probenecid, insuficiencia renal, enfermedades cardíacas/pulmonares, embarazo/lactancia.","Náuseas, vómitos, dolor estómago, diarrea, cefalea. Graves: reacciones neuropsiquiátricas (convulsiones, delirio), SJS.","Generalmente no es necesario cambiar la dieta."
Antivirales (Sistémicos - VIH),Lamivudina,"Infección por VIH, hepatitis B.","300 mg/día","300 mg/día","Alergia a componentes, interacción con otros, infección por hepatitis C, insuficiencia renal/pancreática, embarazo/lactancia.","Diarrea, cefalea, insomnio, depresión, fatiga, congestión nasal. Graves: acidosis láctica, pancreatitis aguda, esteatosis hepática.","Generalmente no es necesario cambiar la dieta."
Antivirales (Sistémicos - VIH),Zidovudina,"Infección por VIH, profilaxis vertical.","300 mg cada 12h","600 mg/día","Alergia a componentes, interacción con otros, neutropenia, anemia, insuficiencia renal, embarazo.","Cefalea, malestar estomacal, estreñimiento, insomnio. Graves: anemia severa, neutropenia, acidosis láctica, miopatía.","Generalmente no es necesario cambiar la dieta."
Antivirales (Sistémicos - VIH),Dolutegravir,"Infección por VIH.","50 mg 1 vez/día",,"Alergia a componentes, interacción con cationes divalentes (Mg, Al, Ca, Fe), insuficiencia renal/hepática, embarazo.","Insomnio, cefalea, fatiga. Graves: reacciones de hipersensibilidad, hepatotoxicidad.","Generalmente no es necesario cambiar la dieta."
Antivirales (Sistémicos - Hepatitis B),Entecavir,"Hepatitis B crónica con daño hepático.","0,5 mg 1 vez/día (naive); 1 mg/día (resistente)","1 mg/día","Alergia a componentes, interacción con otros, insuficiencia renal, coinfección VIH (si no está controlado), embarazo/lactancia.","Cefalea. Graves: acidosis láctica, hepatotoxicidad severa al suspender, neuropatía periférica.","Generalmente no es necesario cambiar la dieta."
Antivirales (Sistémicos - Hepatitis C),Sofosbuvir,"Hepatitis C crónica.","400 mg 1 vez/día","400 mg/día","Alergia a componentes, interacción con amiodarona/rifampicina, coinfección VIH, insuficiencia renal, diálisis, embarazo/lactancia.","Diarrea, cefalea, fatiga, insomnio, irritabilidad, rash, prurito. Graves: bradicardia sintomática (con amiodarona).","Generalmente no es necesario cambiar la dieta."
Antivirales (Sistémicos - CMV),Ganciclovir,"Retinitis por CMV, profilaxis en inmunodeprimidos.","5 mg/kg cada 12h","10 mg/kg/día","Alergia a componentes, interacción con zidovudina/trimetoprim, enfermedades mentales, convulsiones, insuficiencia renal/hepática, embarazo/lactancia.","Náuseas, vómitos, diarrea, cefalea, neutropenia, trombocitopenia. Graves: carcinogénesis, supresión de médula ósea, infertilidad.","Beber mucho líquido."
Analgésicos (No Opioides),Paracetamol,"Dolor leve a moderado, fiebre.","Adultos: 500-1000 mg cada 6-8h","Adultos: 3000-4000 mg/día","Alergia a componentes, hepatopatía, consumo crónico de alcohol, desnutrición, embarazo/lactancia. No exceder dosis recomendada.","Generalmente bien tolerado. Náuseas, dolor abdominal leve, mareos. Graves: hepatotoxicidad por sobredosis (dosis-dependiente), reacciones cutáneas graves (raro).","Evitar consumo excesivo de alcohol."
AINEs (No Selectivos),Ibuprofeno,"Dolor leve a moderado, fiebre, inflamación.","200-400 mg cada 4-6h","3200 mg/día","Alergia a AINEs, asma, úlcera péptica, hemorragia GI, insuficiencia cardíaca/renal/hepática, hipertensión, embarazo (especialmente 3er trimestre).","Náuseas, vómitos, acidez, mareos. Graves: úlcera péptica/sangrado GI, insuficiencia renal, accidente cerebrovascular.","Tomar con alimentos o leche."
AINEs (No Selectivos),Naproxeno,"Dolor inflamatorio, dismenorrea.","250-500 mg cada 12h","1000 mg/día","Alergia a AINEs, asma, úlcera péptica, hemorragia GI, insuficiencia cardíaca/renal, hipertensión, embarazo (3er trimestre).","Náuseas, acidez, mareos, cefalea. Graves: sangrado GI, nefrotoxicidad, eventos trombóticos.","Tomar con alimentos."
AINEs (No Selectivos),Ácido mefenámico,"Dolor menstrual (dismenorrea), dolor dental, cefalea.","500 mg inicial, luego 250 mg cada 6h","1500 mg/día","Alergia a AINEs, úlcera péptica, hemorragia GI, insuficiencia renal, diarrea crónica, inflamación intestinal, embarazo/lactancia.","Diarrea, dolor abdominal, náuseas. Graves: colitis ulcerosa, insuficiencia renal aguda, anemia hemolítica.","Tomar con alimentos o leche."
AINEs (No Selectivos),Clonixinato de lisina,"Dolor dental, cefalea.","125-250 mg cada 6-8h","750-1000 mg/día","Alergia a AINEs, úlcera péptica, hemorragia GI, insuficiencia renal/hepática, embarazo/lactancia.","Náuseas, acidez, mareos.","Tomar con alimentos."
AINEs (No Selectivos),Ketoprofeno,"Dolor inflamatorio agudo (traumatismos, dental, postoperatorio).","50 mg cada 6-8h","300 mg/día","Alergia a AINEs, úlcera péptica, hemorragia GI, insuficiencia cardíaca/renal, asma, antecedentes de trastorno hemorrágico, embarazo/lactancia.","Náuseas, mareos, somnolencia. Graves: sangrado GI, insuficiencia renal, fotosensibilidad.","Tomar con alimentos."
AINEs (No Selectivos),Piroxicam,"Dolor inflamatorio crónico articular (artritis).","20 mg/día","20 mg/día","Alergia a AINEs, alto riesgo GI, úlcera péptica, insuficiencia cardíaca/renal, hipertensión, enfermedad de Crohn, embarazo/lactancia.","Acidez, náuseas, mareos, edema. Graves: sangrado GI, perforación intestinal, necrólisis epidérmica tóxica.","Tomar con alimentos."
AINEs (No Selectivos),Indometacina,"Gota aguda, artritis inflamatoria.","25-50 mg 2-3 veces/día","200 mg/día","Alergia a AINEs, alto riesgo GI, defectos de coagulación, depresión, Parkinson, epilepsia, insuficiencia cardíaca/renal, embarazo/lactancia.","Cefalea (fronto-occipital), mareos, náuseas, confusión. Graves: hemorragia GI, insuficiencia renal, depresión, psicosis.","Tomar con alimentos."
AINEs (No Selectivos),Diclofenaco,"Dolor musculoesquelético e inflamatorio (articulaciones, lesiones).","50 mg cada 8-12h","150 mg/día","Alergia a AINEs, asma, úlcera péptica, hemorragia GI, insuficiencia cardíaca/renal, hipertensión, embarazo (3er trimestre).","Náuseas, acidez, mareos, cefalea. Graves: hepatotoxicidad, sangrado GI, eventos trombóticos, nefrotoxicidad.","Tomar con alimentos o leche."
AINEs (No Selectivos),Ketorolaco,"Dolor agudo severo (postoperatorio, cólico renal).","10 mg cada 4-6h","40 mg/día (oral); uso máximo 5 días","Alergia a AINEs, alto riesgo GI, sospecha de sangrado, insuficiencia cardíaca/renal, embarazo/lactancia. Uso por tiempo limitado (máx 5 días).","Náuseas, mareos, dolor abdominal. Graves: sangrado GI, insuficiencia renal aguda, broncoespasmo.","Tomar con alimentos."
AINEs (Intermedio),Meloxicam,"Dolor inflamatorio crónico (artritis, artrosis).","7,5-15 mg 1 vez/día","15 mg/día","Alergia a AINEs, antecedentes de úlcera GI, hemorragia GI, insuficiencia cardíaca/renal/hepática, hipertensión, asma, embarazo/lactancia.","Dolor estómago, náuseas, mareos, edema. Graves: sangrado GI, nefrotoxicidad, SJS.","Tomar con alimentos."
AINEs (Selectivos),Celecoxib,"Artritis, artrosis, dolor agudo, dismenorrea.","100-200 mg cada 12-24h","400 mg/día","Alergia a sulfonamidas/AINEs, alto riesgo cardiovascular, antecedentes de sangrado GI, insuficiencia cardíaca/renal/hepática, embarazo/lactancia.","Dolor abdominal, edema, mareos, náuseas. Graves: eventos trombóticos (infarto, ACV), sangrado GI, nefrotoxicidad.","Tomar con alimentos."
AINEs (Selectivos),Etoricoxib,"Artritis, artrosis, gota aguda, dolor musculoesquelético.","30-120 mg 1 vez/día","120 mg/día","Alergia a AINEs, alto riesgo cardiovascular, antecedentes de sangrado GI, insuficiencia cardíaca/renal/hepática, hipertensión no controlada, embarazo/lactancia.","Edema, mareos, cefalea, náuseas, hipertensión. Graves: eventos trombóticos, insuficiencia renal, hepatotoxicidad.","Tomar con alimentos."
Corticoides (Sistémicos),Prednisona,"Enfermedades inflamatorias, autoinmunes, alérgicas, asma.","5-60 mg/día según enfermedad","Ajuste médico","Alergia a corticoides, infecciones sistémicas no tratadas, vacunas con virus vivos, diabetes, hipertensión, osteoporosis, úlcera péptica, glaucoma, embarazo/lactancia. No suspender bruscamente.","Aumento apetito/peso, insomnio, cambios ánimo, hiperglucemia, hipertensión. Graves: supresión suprarrenal, osteoporosis, necrosis avascular, psicosis.","Reducir sal y azúcares si uso prolongado."
Corticoides (Sistémicos),Dexametasona,"Inflamación severa, alergias graves, edema cerebral, enfermedades autoinmunes.","0,5-10 mg/día según indicación",,"Alergia a corticoides, infecciones sistémicas no tratadas, vacunas con virus vivos, diabetes, hipertensión, glaucoma, embarazo/lactancia.","Insomnio, nerviosismo, aumento apetito, retención líquidos. Graves: supresión suprarrenal, psicosis, pancreatitis aguda.","Reducir sal y azúcar si uso prolongado."
Corticoides (Sistémicos/Tópicos),Betametasona,"Inflamación severa, alergias, dermatitis.","Variable según presentación",,"Alergia a corticoides, infecciones sistémicas no tratadas (uso sistémico), vacunas con virus vivos (uso sistémico), embarazo/lactancia.","Irritación local (tópico), aumento peso (sistémico). Graves: supresión suprarrenal (sistémico), atrofia cutánea (tópico prolongado).","Reducir sal si uso prolongado sistémico."
Corticoides (Sistémicos/Tópicos),Hidrocortisona,"Inflamación leve a moderada (tópico), insuficiencia suprarrenal (sistémico).","Variable según vía",,"Alergia a corticoides, infecciones cutáneas no tratadas (tópico), embarazo/lactancia.","Irritación local, enrojecimiento, sequedad. Graves: supresión suprarrenal (sistémico prolongado), atrofia cutánea (tópico).","Generalmente no es necesario."
Corticoides (Inhalados),Budesonida,"Asma, rinitis alérgica.","Variable según inhalador",,"Alergia a corticoides, tuberculosis activa, infecciones respiratorias no tratadas, embarazo/lactancia.","Irritación garganta, tos, ronquera. Graves: candidiasis orofaríngea, supresión suprarrenal (dosis altas).","No requiere cambios."
Corticoides (Inhalados),Fluticasona,"Asma, rinitis alérgica.","Variable según inhalador/spray",,"Alergia a corticoides, tuberculosis activa, infecciones respiratorias no tratadas, embarazo/lactancia.","Irritación nasal, sequedad, dolor garganta. Graves: candidiasis orofaríngea, supresión suprarrenal, glaucoma (spray nasal prolongado).","No requiere cambios."
Corticoides (Inhalados),Beclometasona,"Asma, rinitis alérgica.","Variable según inhalador",,"Alergia a corticoides, tuberculosis activa, infecciones respiratorias no tratadas, embarazo/lactancia.","Tos leve, irritación garganta. Graves: candidiasis orofaríngea, supresión suprarrenal (dosis altas).","No requiere cambios."
Opioides (Débiles),Tramadol,"Dolor moderado a severo.","50-100 mg cada 6-8h","400 mg/día","Alergia a opioides, interacción con ISRS/IMAOs (riesgo síndrome serotoninérgico), antecedentes de epilepsia, dependencia, insuficiencia renal/hepática, embarazo/lactancia. Causa somnolencia. Evitar alcohol.","Mareos, somnolencia, náuseas, estreñimiento. Graves: síndrome serotoninérgico, convulsiones, depresión respiratoria, dependencia.","No requiere cambios."
Opioides (Débiles),Codeína,"Dolor leve a moderado, tos seca.","15-60 mg cada 4-6h","360 mg/día","Alergia a opioides, interacción con depresores del SNC, asma, depresión respiratoria, metabolizadores ultrarrápidos (riesgo toxicidad), dependencia, embarazo/lactancia.","Estreñimiento, mareos, somnolencia, náuseas. Graves: depresión respiratoria, dependencia.","No requiere cambios."
Sistema Renal/Urinario (Diuréticos Tiazídicos),Clortalidona,"Hipertensión, edema.","12,5-25 mg 1 vez/día","100 mg/día","Alergia a sulfonamidas, anuria, insuficiencia renal severa, diabetes, gota, colesterol alto, embarazo/lactancia.","Mareos, debilidad, calambres, deshidratación. Graves: hiponatremia, hipopotasemia, hiperuricemia (gota).","Mantener buena hidratación. Control de potasio."
Sistema Renal/Urinario (Diuréticos Tiazídicos),Indapamida,"Hipertensión, edema.","1,5-2,5 mg 1 vez/día","5 mg/día","Alergia a sulfonamidas, anuria, insuficiencia renal severa, diabetes, gota, embarazo/lactancia. Causa somnolencia.","Mareos, fatiga, calambres. Graves: hipopotasemia, hiperuricemia, deshidratación.","Mantener hidratación adecuada."
Sistema Renal/Urinario (Diuréticos de ASA),Furosemida,"Edema, insuficiencia cardíaca, hipertensión.","20-80 mg/día (prn)","600 mg/día (hospitalario)","Alergia a sulfonamidas, anuria, insuficiencia renal severa, coma hepático, embarazo/lactancia.","Mareos, deshidratación, debilidad, calambres. Graves: ototoxicidad (irreversible), nefritis tubulointersticial.","Puede requerir control de potasio e hidratación."
Sistema Renal/Urinario (Diuréticos Ahorradores de Potasio),Amilorida,"Hipertensión, edema.","5-10 mg/día","20 mg/día","Hiperpotasemia, insuficiencia renal, diabetes, gota, embarazo/lactancia.","Náuseas, mareos, debilidad. Graves: hiperpotasemia (arritmias mortales), acidosis metabólica.","Evitar exceso de alimentos/suplementos con potasio."
Sistema Renal/Urinario (Diuréticos Ahorradores de Potasio),Triamtereno,"Hipertensión, edema.","50-100 mg dos veces/día","300 mg/día","Hiperpotasemia, insuficiencia renal, diabetes, gota, litiasis renal, embarazo/lactancia.","Mareos, náuseas, debilidad. Graves: hiperpotasemia, nefrolitiasis, acidosis metabólica.","Evitar exceso de potasio."
Sistema Renal/Urinario (Antibióticos Urinarios),Nitrofurantoína,"Cistitis no complicada, profilaxis ITU recurrente.","50-100 mg cada 6-12h","400 mg/día","Alergia a nitrofurantoína, insuficiencia renal, anuria, oliguria, G6PD (riesgo anemia hemolítica), neuropatía periférica, embarazo (cerca del parto).","Náuseas, dolor abdominal, orina oscura. Graves: hepatotoxicidad, neuropatía periférica, neumonitis intersticial, anemia hemolítica (G6PD).","Tomar con alimentos."
Sistema Renal/Urinario (Antibióticos Urinarios),Fosfomicina,"Cistitis aguda no complicada.","3 g dosis única oral",,"Alergia a fosfomicina, insuficiencia renal severa, embarazo/lactancia.","Náuseas, diarrea, cefalea. Graves: colitis seudomembranosa, anemia hemolítica.","Seguir indicación médica."
Sistema Renal/Urinario (Fluoroquinolonas),Ciprofloxacino (ITU),"ITU complicadas, prostatitis.","250-750 mg cada 12h","1500 mg/día","Alergia a quinolonas, antecedentes de tendinopatía por quinolonas, miastenia gravis, epilepsia, insuficiencia renal/hepática, embarazo/lactancia.","Náuseas, mareos, diarrea, fotosensibilidad. Graves: tendinitis/rotura tendinosa, neuropatía periférica, prolongación QT.","Evitar junto a lácteos/antiácidos."
Sistema Renal/Urinario (Urológicos),Tamsulosina,"HPB (síntomas urinarios).","0,4 mg 1 vez/día","0,8 mg/día","Alergia a tamsulosina, hipotensión ortostática, insuficiencia renal/hepática, cirugía de cataratas (riesgo de complicaciones), embarazo/lactancia.","Mareos, hipotensión, eyaculación anormal (retrógrada). Graves: síndrome del iris flácido intraoperatorio (cirugía de cataratas).","Tomar después de la misma comida cada día."
Sistema Renal/Urinario (Alcalinizantes),Citrato de potasio,"Prevención de cálculos renales (ácido úrico, cistina).","Variable según examen médico",,"Insuficiencia renal, hiperpotasemia, infección urinaria por bacterias productoras de ureasa, embarazo/lactancia.","Náuseas, molestias digestivas. Graves: hiperpotasemia.","Mantener hidratación adecuada."
Sistema Renal/Urinario (Alcalinizantes),Bicarbonato de sodio,"Acidosis metabólica, alcalinización urinaria.","Variable según indicación",,"Alcalosis, hipernatremia, hipocalcemia, insuficiencia cardíaca, hipertensión, edema, embarazo/lactancia.","Distensión abdominal, gases. Graves: hipernatremia, alcalosis metabólica.","Controlar consumo de sodio."
Sistema Renal/Urinario (Reguladores Calcio),Calcitriol,"Hipocalcemia, hiperparatiroidismo secundario (enf. renal crónica).","Variable según niveles de calcio",,"Hipercalcemia, intoxicación por vitamina D, litiasis cálcica, embarazo/lactancia.","Náuseas, debilidad, hipercalcemia. Graves: calcificación de tejidos blandos, insuficiencia renal.","Seguir indicaciones sobre calcio/fósforo."
Sistema Renal/Urinario (Inhibidores de Anhidrasa Carbónica),Acetazolamida,"Glaucoma, mal de altura, epilepsia (adjunto).","250-1000 mg/día",,"Alergia a sulfonamidas, insuficiencia hepática/renal, cirrosis, hipopotasemia, hipercalciuria, embarazo/lactancia.","Hormigueo, fatiga, náuseas, alteraciones del gusto. Graves: acidosis metabólica, nefrolitiasis, agranulocitosis.","Mantener hidratación adecuada."
Sistema Metabólico (Hormonas Tiroideas),Levotiroxina,"Hipotiroidismo.","25-150 mcg/día",,"Alergia a levotiroxina, tirotoxicosis no tratada, insuficiencia suprarrenal no tratada, enfermedad cardíaca no controlada.","Dosis alta: palpitaciones, nerviosismo, insomnio, sudoración, temblor, pérdida peso.","Tomar en ayunas (30-60 min antes desayuno), evitar alimentos/calcio/hierro cerca."
Sistema Metabólico (Hipouricemiantes),Alopurinol,"Gota crónica, hiperuricemia, prevención nefrolitiasis úrica.","100-300 mg/día","800 mg/día","Alergia a alopurinol, interacción con azatioprina/mercaptopurina (disminuir dosis), insuficiencia renal/hepática, embarazo/lactancia.","Náuseas, diarrea, somnolencia, rash. Graves: síndrome de hipersensibilidad (Fiebre, rash, eosinofilia, hepatotoxicidad), SJS/NET.","Buena hidratación. Moderar purinas (mariscos, vísceras) y alcohol."
Sistema Metabólico (Hipouricemiantes - Gota Aguda),Colchicina,"Gota aguda, prevención de ataques.","Aguda: 0,5-0,6 mg según esquema; Prevención: 0,5-0,6 mg/día",,"Alergia a colchicina, interacción con estatinas/claritromicina/verapamilo, insuficiencia renal/hepática, embarazo/lactancia.","Diarrea, náuseas, vómitos, dolor abdominal. Graves: toxicidad (sobredosis): falla multiorgánica, depresión médula ósea.","Mantener buena hidratación, evitar exceso alcohol."
Antidiabéticos (Biguanidas),Metformina,"Diabetes tipo 2.","500-850 mg 1-3 veces/día","2550 mg/día","Alergia a metformina, acidosis metabólica, insuficiencia renal (TFG <30), insuficiencia cardíaca descompensada, embarazo/lactancia.","Náuseas, diarrea, dolor abdominal, gases, sabor metálico. Graves: acidosis láctica (raro, mortal).","Tomar con alimentos para disminuir molestias digestivas."
Antidiabéticos (Sulfonilureas),Glibenclamida,"Diabetes tipo 2.","2,5-5 mg/día","20 mg/día","Alergia a sulfonilureas/sulfonamidas, diabetes tipo 1, cetoacidosis, insuficiencia renal/hepática, embarazo/lactancia.","Hipoglicemia, mareos, sudoración, aumento peso. Graves: hipoglicemia severa, porfiria, anemia hemolítica (G6PD).","No saltarse comidas."
Antidiabéticos (Sulfonilureas),Glicazida,"Diabetes tipo 2.","30-120 mg/día","120 mg/día","Alergia a sulfonilureas/sulfonamidas, diabetes tipo 1, cetoacidosis, insuficiencia renal/hepática, embarazo/lactancia.","Hipoglicemia, náuseas, mareos. Graves: hipoglicemia severa.","Mantener horarios regulares de alimentación."
Antidiabéticos (Sulfonilureas),Glimepirida,"Diabetes tipo 2.","1-4 mg/día","8 mg/día","Alergia a sulfonilureas/sulfonamidas, diabetes tipo 1, cetoacidosis, insuficiencia renal/hepática, embarazo/lactancia.","Hipoglicemia, mareos, náuseas. Graves: hipoglicemia severa.","No omitir comidas."
Antidiabéticos (Inhibidores DPP-4),Sitagliptina,"Diabetes tipo 2.","100 mg 1 vez/día","100 mg/día","Alergia a sitagliptina, antecedentes de pancreatitis, insuficiencia renal (ajustar dosis), embarazo/lactancia.","Cefalea, náuseas, infecciones respiratorias. Graves: pancreatitis, insuficiencia renal, artralgias severas.","Seguir plan alimenticio para diabetes."
Antidiabéticos (Inhibidores DPP-4),Vildagliptina,"Diabetes tipo 2.","50 mg cada 12h","100 mg/día","Alergia a vildagliptina, antecedentes de pancreatitis, insuficiencia hepática, embarazo/lactancia.","Mareos, náuseas, cefalea. Graves: pancreatitis, hepatotoxicidad (control enzimas hepáticas).","Mantener dieta para diabetes."
Antidiabéticos (Inhibidores DPP-4),Linagliptina,"Diabetes tipo 2.","5 mg 1 vez/día","5 mg/día","Alergia a linagliptina, antecedentes de pancreatitis, embarazo/lactancia.","Tos, cefalea, náuseas. Graves: pancreatitis, artralgias.","Seguir dieta para diabetes."
Antidiabéticos (Inhibidores SGLT2),Dapagliflozina,"Diabetes tipo 2, insuficiencia cardíaca, enfermedad renal crónica.","5-10 mg 1 vez/día","10 mg/día","Alergia a dapagliflozina, antecedentes de infecciones urinarias/genitales recurrentes, insuficiencia renal (TFG <25), embarazo/lactancia.","Poliuria, infecciones urinarias/genitales, mareos, deshidratación. Graves: cetoacidosis euglucémica, fascitis necrotizante perineal.","Mantener buena hidratación."
Antidiabéticos (Inhibidores SGLT2),Empagliflozina,"Diabetes tipo 2, insuficiencia cardíaca, enfermedad renal crónica.","10-25 mg 1 vez/día","25 mg/día","Alergia a empagliflozina, antecedentes de infecciones urinarias/genitales recurrentes, insuficiencia renal (TFG <30), embarazo/lactancia.","Infecciones genitales, micción frecuente, mareos. Graves: cetoacidosis euglucémica, fascitis necrotizante perineal.","Mantener buena hidratación."
Antidiabéticos (Análogos GLP-1 - Obesidad/Diabetes),Liraglutida,"Diabetes tipo 2, obesidad (IMC ≥30 o ≥27 con comorbilidad).","Obesidad: 0,6-3 mg/día; Diabetes: 0,6-1,8 mg/día","3 mg/día","Alergia a liraglutida, antecedentes de pancreatitis, neoplasia tiroidea (carcinoma medular), embarazo/lactancia.","Náuseas, vómitos, diarrea, disminución apetito. Graves: pancreatitis, lesión renal aguda, colecistitis.","Comidas livianas al iniciar tratamiento."
Antidiabéticos (Análogos GLP-1 - Obesidad/Diabetes),Semaglutida,"Diabetes tipo 2, obesidad.","Obesidad: 0,25-2,4 mg/semana; Diabetes: 0,25-1 mg/semana","2,4 mg/semana (Obesidad)","Alergia a semaglutida, antecedentes de pancreatitis, neoplasia tiroidea (carcinoma medular), embarazo/lactancia.","Náuseas, vómitos, diarrea, dolor abdominal. Graves: pancreatitis, colecistitis, retinopatía diabética.","Comer porciones pequeñas."
Antiobesidad (Inhibidor de Lipasas),Orlistat,"Obesidad, sobrepeso (IMC ≥30 o ≥28 con comorbilidad).","120 mg con comidas principales","360 mg/día","Alergia a orlistat, malabsorción crónica, colecistopatía, embarazo/lactancia.","Diarrea grasa, flatulencia, urgencia fecal. Graves: hepatotoxicidad, litiasis renal (oxalato), deficiencia vitaminas liposolubles (ADEK).","Reducir consumo de grasas excesivas."
Vitaminas y Suplementos,Calcio + Vitamina D,"Prevención/tratamiento deficiencia calcio, osteoporosis.","Calcio: 500-1200 mg/día; Vit D: 400-2000 UI/día",,"Hipercalcemia, nefrolitiasis, insuficiencia renal, hiperparatiroidismo, sarcoidosis.","Estreñimiento, gases, náuseas, distensión abdominal. Graves: hipercalcemia (confusión, vómitos).","Dieta equilibrada. Evitar tomar junto a levotiroxina/bisfosfonatos/antibióticos."
Vitaminas y Suplementos,Ácido fólico,"Deficiencia de folato, prevención defectos tubo neural, anemia megaloblástica.","0,4-5 mg/día",,"Alergia ácido fólico, anemia no diagnosticada, deficiencia B12 (riesgo enmascarar), embarazo/lactancia.","Generalmente bien tolerado. Náuseas, distensión abdominal, sabor metálico. Graves: reacciones alérgicas (raro).","Mantener alimentación balanceada (verduras de hoja verde, legumbres)."